dr_name,dataset_name,n_components,n_neighbors,accuracy,precision,recall,f1_score,n_instances
ISOMAP,AcademicSuccess,2,8,0.6531073446327683,0.5829551980219251,0.6531073446327683,0.5771330830689698,3539.0
ISOMAP,AcademicSuccess,2,15,0.6519774011299435,0.7416680593059086,0.6519774011299435,0.5784310278541221,3539.0
ISOMAP,AcademicSuccess,2,59,0.6666666666666666,0.756958180110684,0.6666666666666666,0.5934538805161764,3539.0
ISOMAP,AcademicSuccess,4,8,0.656497175141243,0.5752296979022744,0.656497175141243,0.5813537738378367,3539.0
ISOMAP,AcademicSuccess,4,15,0.672316384180791,0.6897561269915146,0.672316384180791,0.6039395795792443,3539.0
ISOMAP,AcademicSuccess,4,59,0.6802259887005649,0.7038831324736761,0.6802259887005649,0.614407827349972,3539.0
ISOMAP,AcademicSuccess,6,8,0.6677966101694915,0.5757999261121474,0.6677966101694915,0.5962755410573775,3539.0
ISOMAP,AcademicSuccess,6,15,0.6779661016949152,0.6715836416301012,0.6779661016949152,0.6106944873614923,3539.0
ISOMAP,AcademicSuccess,6,59,0.6836158192090396,0.6889840757659765,0.6836158192090396,0.6240697870052689,3539.0
ISOMAP,AcademicSuccess,8,8,0.6700564971751413,0.6491045930737396,0.6700564971751413,0.61485964931758,3539.0
ISOMAP,AcademicSuccess,8,15,0.6790960451977401,0.659323237139856,0.6790960451977401,0.6258763180040005,3539.0
ISOMAP,AcademicSuccess,8,59,0.6994350282485876,0.700272017537379,0.6994350282485876,0.64622643763429,3539.0
ISOMAP,AcademicSuccess,10,8,0.6802259887005649,0.6634983392966601,0.6802259887005649,0.6287799626295222,3539.0
ISOMAP,AcademicSuccess,10,15,0.688135593220339,0.6830000260355648,0.688135593220339,0.6410869023671871,3539.0
ISOMAP,AcademicSuccess,10,59,0.7016949152542373,0.6971611909625937,0.7016949152542373,0.6541705872597039,3539.0
ISOMAP,AcademicSuccess,12,8,0.6847457627118644,0.6761849789588857,0.6847457627118644,0.6380119159681776,3539.0
ISOMAP,AcademicSuccess,12,15,0.6949152542372882,0.6940025835084096,0.6949152542372882,0.6517913928574519,3539.0
ISOMAP,AcademicSuccess,12,59,0.7016949152542373,0.6956137857740576,0.7016949152542373,0.6564884103526057,3539.0
ISOMAP,AcademicSuccess,14,8,0.6903954802259887,0.6838160202547274,0.6903954802259887,0.6493363675758277,3539.0
ISOMAP,AcademicSuccess,14,15,0.6915254237288135,0.6717138983506467,0.6915254237288135,0.6504497340757606,3539.0
ISOMAP,AcademicSuccess,14,59,0.7016949152542373,0.6711291593374796,0.7016949152542373,0.6588771355310762,3539.0
ISOMAP,AcademicSuccess,16,8,0.6892655367231638,0.6784998240423677,0.6892655367231638,0.6502740938011624,3539.0
ISOMAP,AcademicSuccess,16,15,0.6903954802259887,0.673724337240301,0.6903954802259887,0.6538597435944954,3539.0
ISOMAP,AcademicSuccess,16,59,0.7197740112994351,0.6877864765065632,0.7197740112994351,0.6818797765552622,3539.0
ISOMAP,DryBean,2,9,0.9026808666911494,0.9046636420936404,0.9026808666911494,0.9027445878739706,10888.0
ISOMAP,DryBean,2,22,0.8876239441792141,0.888596552746234,0.8876239441792141,0.8871800710669929,10888.0
ISOMAP,DryBean,2,104,0.8821153139919207,0.8831841708042723,0.8821153139919207,0.8814663715090576,10888.0
ISOMAP,DryBean,4,9,0.9177377892030848,0.9193026995431788,0.9177377892030848,0.9178081832750188,10888.0
ISOMAP,DryBean,4,22,0.9114946749908188,0.9121246876440952,0.9114946749908188,0.9115037470430624,10888.0
ISOMAP,DryBean,4,104,0.9074550128534704,0.9079630903977092,0.9074550128534704,0.9073635195990922,10888.0
ISOMAP,DryBean,6,9,0.9287550495776716,0.9295087406455468,0.9287550495776716,0.9289435324493752,10888.0
ISOMAP,DryBean,6,22,0.927653323540213,0.9282368464964046,0.927653323540213,0.9278009209889811,10888.0
ISOMAP,DryBean,6,104,0.929122291590158,0.9298402521589214,0.929122291590158,0.9293091736169652,10888.0
ISOMAP,Glass,2,5,0.5813953488372093,0.65608228980322,0.5813953488372093,0.5114291393361161,171.0
ISOMAP,Glass,2,5,0.5813953488372093,0.65608228980322,0.5813953488372093,0.5114291393361161,171.0
ISOMAP,Glass,2,13,0.5581395348837209,0.5813953488372093,0.5581395348837209,0.503943377148635,171.0
ISOMAP,Grade,2,6,0.94,0.9411828565172966,0.94,0.9398176413593644,800.0
ISOMAP,Grade,2,9,0.935,0.9381720430107526,0.935,0.93503663003663,800.0
ISOMAP,Grade,2,28,0.96,0.961187581415545,0.96,0.959869500101194,800.0
ISOMAP,Heart,2,6,0.7065217391304348,0.7181818181818181,0.7745098039215687,0.7452830188679246,734.0
ISOMAP,Heart,2,9,0.6847826086956522,0.6964285714285714,0.7647058823529411,0.7289719626168223,734.0
ISOMAP,Heart,2,27,0.7119565217391305,0.7168141592920354,0.7941176470588235,0.7534883720930233,734.0
ISOMAP,Heart,4,6,0.6847826086956522,0.6964285714285714,0.7647058823529411,0.7289719626168223,734.0
ISOMAP,Heart,4,9,0.6902173913043478,0.7027027027027027,0.7647058823529411,0.7323943661971832,734.0
ISOMAP,Heart,4,27,0.6956521739130435,0.7053571428571429,0.7745098039215687,0.7383177570093459,734.0
ISOMAP,Heart,6,6,0.6847826086956522,0.6964285714285714,0.7647058823529411,0.7289719626168223,734.0
ISOMAP,Heart,6,9,0.6902173913043478,0.7027027027027027,0.7647058823529411,0.7323943661971832,734.0
ISOMAP,Heart,6,27,0.7010869565217391,0.7117117117117117,0.7745098039215687,0.7417840375586854,734.0
ISOMAP,Heart,8,6,0.6956521739130435,0.6982758620689655,0.7941176470588235,0.7431192660550457,734.0
ISOMAP,Heart,8,9,0.6847826086956522,0.6929824561403509,0.7745098039215687,0.7314814814814816,734.0
ISOMAP,Heart,8,27,0.7119565217391305,0.7168141592920354,0.7941176470588235,0.7534883720930233,734.0
ISOMAP,Parkinsons,2,5,0.8205128205128205,0.8055555555555556,1.0,0.8923076923076924,156.0
ISOMAP,Parkinsons,2,5,0.8205128205128205,0.8055555555555556,1.0,0.8923076923076924,156.0
ISOMAP,Parkinsons,2,12,0.8205128205128205,0.8055555555555556,1.0,0.8923076923076924,156.0
ISOMAP,Parkinsons,4,5,0.8205128205128205,0.8055555555555556,1.0,0.8923076923076924,156.0
ISOMAP,Parkinsons,4,5,0.8205128205128205,0.8055555555555556,1.0,0.8923076923076924,156.0
ISOMAP,Parkinsons,4,12,0.8205128205128205,0.8055555555555556,1.0,0.8923076923076924,156.0
ISOMAP,Parkinsons,6,5,0.8205128205128205,0.8055555555555556,1.0,0.8923076923076924,156.0
ISOMAP,Parkinsons,6,5,0.8205128205128205,0.8055555555555556,1.0,0.8923076923076924,156.0
ISOMAP,Parkinsons,6,12,0.8205128205128205,0.8055555555555556,1.0,0.8923076923076924,156.0
ISOMAP,Parkinsons,8,5,0.8205128205128205,0.8055555555555556,1.0,0.8923076923076924,156.0
ISOMAP,Parkinsons,8,5,0.8205128205128205,0.8055555555555556,1.0,0.8923076923076924,156.0
ISOMAP,Parkinsons,8,12,0.8205128205128205,0.8055555555555556,1.0,0.8923076923076924,156.0
ISOMAP,Parkinsons,10,5,0.8205128205128205,0.8055555555555556,1.0,0.8923076923076924,156.0
ISOMAP,Parkinsons,10,5,0.8205128205128205,0.8055555555555556,1.0,0.8923076923076924,156.0
ISOMAP,Parkinsons,10,12,0.8205128205128205,0.8055555555555556,1.0,0.8923076923076924,156.0
ISOMAP,Zoo,2,4,0.9523809523809524,0.9642857142857144,0.9523809523809524,0.9319727891156462,80.0
ISOMAP,Zoo,2,4,0.9523809523809524,0.9642857142857144,0.9523809523809524,0.9319727891156462,80.0
ISOMAP,Zoo,2,8,0.8571428571428571,0.9166666666666666,0.8571428571428571,0.8049886621315193,80.0
ISOMAP,Zoo,4,4,0.9523809523809524,0.9642857142857144,0.9523809523809524,0.9319727891156462,80.0
ISOMAP,Zoo,4,4,0.9523809523809524,0.9642857142857144,0.9523809523809524,0.9319727891156462,80.0
ISOMAP,Zoo,4,8,0.9523809523809524,0.9642857142857144,0.9523809523809524,0.9319727891156462,80.0
ISOMAP,Zoo,6,4,0.9523809523809524,0.9642857142857144,0.9523809523809524,0.9319727891156462,80.0
ISOMAP,Zoo,6,4,0.9523809523809524,0.9642857142857144,0.9523809523809524,0.9319727891156462,80.0
ISOMAP,Zoo,6,8,0.9523809523809524,0.9642857142857144,0.9523809523809524,0.9319727891156462,80.0
ISOMAP,StayHospital,2,8,0.2955,0.79182025,0.2955,0.1348054805094558,7999.0
ISOMAP,StayHospital,2,19,0.2955,0.79182025,0.2955,0.1348054805094558,7999.0
ISOMAP,StayHospital,2,89,0.2955,0.79182025,0.2955,0.1348054805094558,7999.0
ISOMAP,StayHospital,4,8,0.2955,0.79182025,0.2955,0.1348054805094558,7999.0
ISOMAP,StayHospital,4,19,0.2955,0.79182025,0.2955,0.1348054805094558,7999.0
ISOMAP,StayHospital,4,89,0.2955,0.79182025,0.2955,0.1348054805094558,7999.0
ISOMAP,StayHospital,6,8,0.2955,0.79182025,0.2955,0.1348054805094558,7999.0
ISOMAP,StayHospital,6,19,0.2955,0.79182025,0.2955,0.1348054805094558,7999.0
ISOMAP,StayHospital,6,89,0.2955,0.79182025,0.2955,0.1348054805094558,7999.0
ISOMAP,StayHospital,8,8,0.2955,0.79182025,0.2955,0.1348054805094558,7999.0
ISOMAP,StayHospital,8,19,0.2955,0.79182025,0.2955,0.1348054805094558,7999.0
ISOMAP,StayHospital,8,89,0.2955,0.79182025,0.2955,0.1348054805094558,7999.0
ISOMAP,StayHospital,10,8,0.2955,0.79182025,0.2955,0.1348054805094558,7999.0
ISOMAP,StayHospital,10,19,0.2955,0.79182025,0.2955,0.1348054805094558,7999.0
ISOMAP,StayHospital,10,89,0.2955,0.79182025,0.2955,0.1348054805094558,7999.0
ISOMAP,StayHospital,12,8,0.2955,0.79182025,0.2955,0.1348054805094558,7999.0
ISOMAP,StayHospital,12,19,0.2955,0.79182025,0.2955,0.1348054805094558,7999.0
ISOMAP,StayHospital,12,89,0.2955,0.79182025,0.2955,0.1348054805094558,7999.0
ISOMAP,StayHospital,14,8,0.2955,0.79182025,0.2955,0.1348054805094558,7999.0
ISOMAP,StayHospital,14,19,0.2955,0.79182025,0.2955,0.1348054805094558,7999.0
ISOMAP,StayHospital,14,89,0.2955,0.79182025,0.2955,0.1348054805094558,7999.0
ISOMAP,StayHospital,16,8,0.2955,0.79182025,0.2955,0.1348054805094558,7999.0
ISOMAP,StayHospital,16,19,0.2955,0.79182025,0.2955,0.1348054805094558,7999.0
ISOMAP,StayHospital,16,89,0.2955,0.79182025,0.2955,0.1348054805094558,7999.0
ISOMAP,StayHospital,18,8,0.2955,0.79182025,0.2955,0.1348054805094558,7999.0
ISOMAP,StayHospital,18,19,0.2955,0.79182025,0.2955,0.1348054805094558,7999.0
ISOMAP,StayHospital,18,89,0.2955,0.79182025,0.2955,0.1348054805094558,7999.0
ISOMAP,StayHospital,20,8,0.2955,0.79182025,0.2955,0.1348054805094558,7999.0
ISOMAP,StayHospital,20,19,0.2955,0.79182025,0.2955,0.1348054805094558,7999.0
ISOMAP,StayHospital,20,89,0.2955,0.79182025,0.2955,0.1348054805094558,7999.0
ISOMAP,StayHospital,22,8,0.2955,0.79182025,0.2955,0.1348054805094558,7999.0
ISOMAP,StayHospital,22,19,0.2955,0.79182025,0.2955,0.1348054805094558,7999.0
ISOMAP,StayHospital,22,89,0.2955,0.79182025,0.2955,0.1348054805094558,7999.0
ISOMAP,StayHospital,24,8,0.2955,0.79182025,0.2955,0.1348054805094558,7999.0
ISOMAP,StayHospital,24,19,0.2955,0.79182025,0.2955,0.1348054805094558,7999.0
ISOMAP,StayHospital,24,89,0.2955,0.79182025,0.2955,0.1348054805094558,7999.0
ISOMAP,BuyCoupon,2,9,0.5683878596767836,0.5700444085587404,0.9791955617198336,0.7205919877519774,10147.0
ISOMAP,BuyCoupon,2,21,0.5648403626330312,0.5679260450160771,0.9798890429958392,0.7190839694656488,10147.0
ISOMAP,BuyCoupon,2,100,0.5656286953094206,0.5677290836653387,0.9882108183079056,0.7211538461538461,10147.0
ISOMAP,BuyCoupon,5,9,0.5656286953094206,0.5689935064935064,0.972260748959778,0.7178699436763952,10147.0
ISOMAP,BuyCoupon,5,21,0.5656286953094206,0.5702479338842975,0.957004160887656,0.7146556188503366,10147.0
ISOMAP,BuyCoupon,5,100,0.5739061884115096,0.5775676837129351,0.9320388349514565,0.7131865216237728,10147.0
ISOMAP,BuyCoupon,8,9,0.5833661805281829,0.5853658536585366,0.9153952843273232,0.7140925074384635,10147.0
ISOMAP,BuyCoupon,8,21,0.581789515175404,0.5877475817595578,0.8848821081830791,0.7063382230833103,10147.0
ISOMAP,BuyCoupon,8,100,0.5884903429247142,0.5925581395348837,0.883495145631068,0.7093541202672605,10147.0
ISOMAP,BuyCoupon,11,9,0.5904611746156878,0.5929856945085371,0.891123439667129,0.712108617345525,10147.0
ISOMAP,BuyCoupon,11,21,0.5959795033504138,0.5978413890192398,0.883495145631068,0.7131262244612371,10147.0
ISOMAP,BuyCoupon,11,100,0.5932203389830508,0.5992255566311714,0.8585298196948682,0.7058152793614595,10147.0
ISOMAP,BuyCoupon,14,9,0.5920378399684667,0.5955847815875999,0.8793342579750347,0.7101652198263793,10147.0
ISOMAP,BuyCoupon,14,21,0.60149783208514,0.6017949929145017,0.883495145631068,0.7159314414161282,10147.0
ISOMAP,FakeWebsite,2,9,0.841248303934871,0.891459074733096,0.8139723801787165,0.8509554140127389,8844.0
ISOMAP,FakeWebsite,2,20,0.8842152872003618,0.8921962992759453,0.90089358245329,0.8965238480194018,8844.0
ISOMAP,FakeWebsite,2,94,0.8955223880597015,0.9025764895330112,0.9106417546709992,0.9065911847957946,8844.0
ISOMAP,FakeWebsite,4,9,0.9099954771596562,0.9114832535885168,0.9285134037367994,0.9199195171026158,8844.0
ISOMAP,FakeWebsite,4,20,0.9086386250565356,0.9073634204275536,0.9309504467912266,0.9190056134723336,8844.0
ISOMAP,FakeWebsite,4,94,0.9045680687471732,0.9106280193236715,0.9187652315190902,0.914678528103518,8844.0
ISOMAP,FakeWebsite,6,9,0.9163274536408864,0.9131121642969984,0.9390739236393176,0.9259110933119742,8844.0
ISOMAP,FakeWebsite,6,20,0.9154228855721394,0.9136291600633916,0.9366368805848904,0.92498997192138,8844.0
ISOMAP,FakeWebsite,6,94,0.9199457259158752,0.924315619967794,0.9325751421608448,0.9284270117266478,8844.0
ISOMAP,FakeWebsite,8,9,0.9258254183627318,0.92442322991249,0.9439480097481722,0.9340836012861736,8844.0
ISOMAP,FakeWebsite,8,20,0.9240162822252376,0.9168627450980392,0.949634443541836,0.9329608938547486,8844.0
ISOMAP,FakeWebsite,8,94,0.929895974672094,0.9222919937205653,0.9545085296506904,0.93812375249501,8844.0
ISOMAP,FakeWebsite,10,9,0.9280868385345996,0.9274322169059012,0.9447603574329814,0.9360160965794768,8844.0
ISOMAP,FakeWebsite,10,20,0.9303482587064676,0.9230164964650432,0.9545085296506904,0.9384984025559104,8844.0
ISOMAP,FakeWebsite,10,94,0.9317051108095884,0.9272151898734176,0.9520714865962632,0.9394789579158316,8844.0
ISOMAP,FakeWebsite,12,9,0.9312528267752148,0.9291964996022276,0.9488220958570268,0.9389067524115756,8844.0
ISOMAP,FakeWebsite,12,20,0.9348710990502036,0.9236165237724084,0.9626320064987814,0.9427207637231504,8844.0
ISOMAP,FakeWebsite,12,94,0.942107643600181,0.9305230288836848,0.9683184402924452,0.9490445859872612,8844.0
ISOMAP,FakeWebsite,14,9,0.9353233830845772,0.9256651017214398,0.9610073111291632,0.9430051813471504,8844.0
ISOMAP,FakeWebsite,14,20,0.9393939393939394,0.9322301024428684,0.9610073111291632,0.9464,8844.0
ISOMAP,FakeWebsite,14,94,0.9484396200814112,0.942902458366376,0.965881397238018,0.9542536115569824,8844.0
LLE,AcademicSuccess,2,8,0.4994350282485876,0.7500003191930799,0.4994350282485876,0.3327057761656002,3539.0
LLE,AcademicSuccess,2,15,0.5050847457627119,0.6269266275248329,0.5050847457627119,0.3560794352128957,3539.0
LLE,AcademicSuccess,2,59,0.519774011299435,0.6565833426681488,0.519774011299435,0.3921229092397043,3539.0
LLE,AcademicSuccess,4,8,0.6237288135593221,0.693113316080646,0.6237288135593221,0.5578237265324283,3539.0
LLE,AcademicSuccess,4,15,0.6451977401129944,0.7324168301185355,0.6451977401129944,0.57075524417556,3539.0
LLE,AcademicSuccess,4,59,0.6576271186440678,0.650400742852858,0.6576271186440678,0.5975349559967251,3539.0
LLE,AcademicSuccess,6,8,0.6282485875706215,0.6974987570621468,0.6282485875706215,0.5616745047581405,3539.0
LLE,AcademicSuccess,6,15,0.6542372881355932,0.560656099254838,0.6542372881355932,0.5815945869373199,3539.0
LLE,AcademicSuccess,6,59,0.6915254237288135,0.6380248405004845,0.6915254237288135,0.6306806624958936,3539.0
LLE,AcademicSuccess,8,8,0.63954802259887,0.7190427166472364,0.63954802259887,0.5681011533676974,3539.0
LLE,AcademicSuccess,8,15,0.6644067796610169,0.6493082405592494,0.6644067796610169,0.5996544051389943,3539.0
LLE,AcademicSuccess,8,59,0.7005649717514124,0.6745003961125182,0.7005649717514124,0.6442607716046406,3539.0
LLE,AcademicSuccess,10,8,0.6598870056497175,0.7672767776235616,0.6598870056497175,0.586468881905344,3539.0
LLE,AcademicSuccess,10,15,0.6666666666666666,0.6515717967342028,0.6666666666666666,0.6038404474300448,3539.0
LLE,AcademicSuccess,10,59,0.7062146892655368,0.7021795489086419,0.7062146892655368,0.6632791444568661,3539.0
LLE,AcademicSuccess,12,8,0.6644067796610169,0.7739636477772072,0.6644067796610169,0.5903530384202837,3539.0
LLE,AcademicSuccess,12,15,0.6666666666666666,0.6571426783166011,0.6666666666666666,0.6072398907791711,3539.0
LLE,AcademicSuccess,12,59,0.7107344632768362,0.6766857435117389,0.7107344632768362,0.672833041152937,3539.0
LLE,AcademicSuccess,14,8,0.6632768361581921,0.7706458006040702,0.6632768361581921,0.5891980891436351,3539.0
LLE,AcademicSuccess,14,15,0.6700564971751413,0.6515691898353786,0.6700564971751413,0.6107810626171406,3539.0
LLE,AcademicSuccess,14,59,0.7186440677966102,0.6891808246823349,0.7186440677966102,0.6826515226604434,3539.0
LLE,AcademicSuccess,16,8,0.6632768361581921,0.5884191339073728,0.6632768361581921,0.590573066375921,3539.0
LLE,AcademicSuccess,16,15,0.6655367231638418,0.6411596955166248,0.6655367231638418,0.6092259769902026,3539.0
LLE,AcademicSuccess,16,59,0.7163841807909604,0.691798753685841,0.7163841807909604,0.6824914102213241,3539.0
LLE,BuyCoupon,2,9,0.5683878596767836,0.5683878596767836,1.0,0.7248052274440815,10147.0
LLE,BuyCoupon,2,21,0.5683878596767836,0.5683878596767836,1.0,0.7248052274440815,10147.0
LLE,BuyCoupon,2,100,0.5683878596767836,0.5683878596767836,1.0,0.7248052274440815,10147.0
LLE,BuyCoupon,5,9,0.5679936933385888,0.5683794466403163,0.9972260748959778,0.7240684793554885,10147.0
LLE,BuyCoupon,5,21,0.5683878596767836,0.5683878596767836,1.0,0.7248052274440815,10147.0
LLE,BuyCoupon,5,100,0.5679936933385888,0.5703824247355573,0.972260748959778,0.718974358974359,10147.0
LLE,BuyCoupon,8,9,0.5679936933385888,0.5705546492659054,0.9701803051317616,0.7185413456599898,10147.0
LLE,BuyCoupon,8,21,0.5703586913677572,0.5741989881956155,0.9445214979195562,0.714210802307289,10147.0
LLE,BuyCoupon,8,100,0.5636578636184469,0.5701130179991628,0.9445214979195562,0.7110415035238841,10147.0
LLE,BuyCoupon,11,9,0.5648403626330312,0.5707112970711297,0.9459084604715672,0.7118997912317327,10147.0
LLE,BuyCoupon,11,21,0.5668111943240047,0.573009791400596,0.9334257975034674,0.71010287523081,10147.0
LLE,BuyCoupon,11,100,0.5660228616476153,0.5740338688666956,0.9167822468793344,0.706008010680908,10147.0
LLE,BuyCoupon,14,9,0.5683878596767836,0.5751407535729753,0.9209431345353676,0.708077845907758,10147.0
LLE,BuyCoupon,14,21,0.5668111943240047,0.573009791400596,0.9334257975034674,0.71010287523081,10147.0
LLE,BuyCoupon,14,100,0.5660228616476153,0.5740338688666956,0.9167822468793344,0.706008010680908,10147.0
LLE,BuyCoupon,17,9,0.5679936933385888,0.5748917748917749,0.9209431345353676,0.7078891257995736,10147.0
LLE,BuyCoupon,17,21,0.5668111943240047,0.573009791400596,0.9334257975034674,0.71010287523081,10147.0
LLE,BuyCoupon,17,100,0.5672053606621994,0.5749782040104621,0.9147018030513177,0.7061027837259101,10147.0
LLE,BuyCoupon,20,9,0.5683878596767836,0.5750757247944612,0.9216366158113732,0.7082334132693846,10147.0
LLE,BuyCoupon,20,21,0.5640520299566417,0.573748902546093,0.9063800277392512,0.7026881720430107,10147.0
LLE,BuyCoupon,20,100,0.5679936933385888,0.5754141238012206,0.9153952843273232,0.7066381156316917,10147.0
LLE,BuyCoupon,23,9,0.5683878596767836,0.5750757247944612,0.9216366158113732,0.7082334132693846,10147.0
LLE,BuyCoupon,23,21,0.5675995270003942,0.5762936753648827,0.9036061026352288,0.7037537132055092,10147.0
LLE,BuyCoupon,23,100,0.5679936933385888,0.5758771929824561,0.9105409153952844,0.705534658785599,10147.0
LLE,BuyCoupon,26,9,0.5687820260149783,0.5752595155709342,0.9223300970873788,0.7085775173148641,10147.0
LLE,BuyCoupon,26,21,0.5727236893969255,0.5820348304307974,0.8807212205270458,0.7008830022075055,10147.0
LLE,BuyCoupon,26,100,0.5699645250295625,0.5787348586810229,0.8945908460471568,0.7028057749931899,10147.0
LLE,BuyCoupon,29,9,0.5687820260149783,0.5752595155709342,0.9223300970873788,0.7085775173148641,10147.0
LLE,BuyCoupon,29,21,0.5703586913677572,0.5798548094373865,0.8862690707350902,0.7010422380691169,10147.0
LLE,BuyCoupon,29,100,0.5715411903823413,0.5797036371800629,0.8952843273231623,0.7037339874625238,10147.0
LLE,DryBean,2,9,0.4987146529562982,0.4901014473071918,0.4987146529562982,0.4448878099559062,10888.0
LLE,DryBean,2,22,0.8567756151303709,0.8623328619823941,0.8567756151303709,0.8533292883459199,10888.0
LLE,DryBean,2,104,0.8637532133676092,0.8653532545465834,0.8637532133676092,0.8634333485170723,10888.0
LLE,DryBean,4,9,0.8196841718692618,0.8198278903649278,0.8196841718692618,0.8192219956791209,10888.0
LLE,DryBean,4,22,0.9012118986412044,0.9024262186323668,0.9012118986412044,0.9011213429948496,10888.0
LLE,DryBean,4,104,0.901946382666177,0.9027909114899116,0.901946382666177,0.9017526628632452,10888.0
LLE,DryBean,6,9,0.868160117517444,0.8694532509389862,0.868160117517444,0.8679810296598078,10888.0
LLE,DryBean,6,22,0.9280205655526992,0.928424727650814,0.9280205655526992,0.928135459578248,10888.0
LLE,DryBean,6,104,0.9309585016525892,0.9314461304863182,0.9309585016525892,0.9310793449802232,10888.0
LLE,FakeWebsite,2,9,0.7385798281320669,0.7643724696356275,0.7668562144597888,0.7656123276561233,8844.0
LLE,FakeWebsite,2,20,0.757123473541384,0.768160741885626,0.8074735987002437,0.7873267326732674,8844.0
LLE,FakeWebsite,2,94,0.7797376752600633,0.802439024390244,0.80178716490658,0.8021129622104836,8844.0
LLE,FakeWebsite,4,9,0.7810945273631841,0.8069022185702547,0.7977254264825345,0.8022875816993464,8844.0
LLE,FakeWebsite,4,20,0.8322026232473994,0.8312788906009245,0.8765231519090171,0.8533017002767893,8844.0
LLE,FakeWebsite,4,94,0.8697421981004071,0.8601986249045073,0.9147034930950448,0.8866141732283465,8844.0
LLE,FakeWebsite,6,9,0.7919493441881501,0.8131600324939074,0.8131600324939074,0.8131600324939074,8844.0
LLE,FakeWebsite,6,20,0.8530076888285844,0.8463302752293578,0.8992688870836718,0.87199684915321,8844.0
LLE,FakeWebsite,6,94,0.900497512437811,0.8939984411535464,0.9317627944760356,0.9124900556881465,8844.0
LLE,FakeWebsite,8,9,0.8145635459068294,0.8378600823045268,0.8269699431356621,0.8323793949304987,8844.0
LLE,FakeWebsite,8,20,0.8647670737222976,0.8590138674884438,0.9057676685621446,0.8817714511664689,8844.0
LLE,FakeWebsite,8,94,0.9099954771596562,0.9050235478806908,0.9366368805848904,0.9205588822355288,8844.0
LLE,FakeWebsite,10,9,0.8285843509724107,0.8486088379705401,0.8424045491470349,0.8454953118630248,8844.0
LLE,FakeWebsite,10,20,0.8909995477159657,0.8941082802547771,0.9122664500406172,0.9030960997185364,8844.0
LLE,FakeWebsite,10,94,0.9140660334690184,0.9095200629425648,0.9390739236393176,0.9240607513988808,8844.0
LLE,FakeWebsite,12,9,0.8344640434192673,0.8565539983511954,0.8440292445166532,0.8502454991816696,8844.0
LLE,FakeWebsite,12,20,0.8914518317503393,0.8923198733174981,0.9155158407798538,0.9037690457097034,8844.0
LLE,FakeWebsite,12,94,0.929895974672094,0.9222919937205653,0.9545085296506904,0.93812375249501,8844.0
LLE,FakeWebsite,14,9,0.835820895522388,0.8569078947368421,0.8464662875710804,0.851655087862689,8844.0
LLE,FakeWebsite,14,20,0.8964269561284487,0.8982511923688394,0.9179528838342812,0.9079951787866613,8844.0
LLE,FakeWebsite,14,94,0.9294436906377204,0.9255740300870944,0.949634443541836,0.9374498797113072,8844.0
LLE,Glass,2,5,0.3720930232558139,0.541329625884732,0.3720930232558139,0.3522556314754365,171.0
LLE,Glass,2,13,0.5581395348837209,0.6353820598006644,0.5581395348837209,0.495016611295681,171.0
LLE,Grade,2,6,0.585,0.6248286911231884,0.585,0.5570029162740626,800.0
LLE,Grade,2,9,0.815,0.8191075925446651,0.815,0.8134633792325672,800.0
LLE,Grade,2,28,0.945,0.9468617021276596,0.945,0.9448468969555034,800.0
LLE,Heart,2,6,0.6739130434782609,0.71,0.696078431372549,0.7029702970297029,734.0
LLE,Heart,2,9,0.6684782608695652,0.7411764705882353,0.6176470588235294,0.6737967914438503,734.0
LLE,Heart,2,27,0.7010869565217391,0.7117117117117117,0.7745098039215687,0.7417840375586854,734.0
LLE,Heart,4,6,0.6413043478260869,0.7093023255813954,0.5980392156862745,0.648936170212766,734.0
LLE,Heart,4,9,0.7228260869565217,0.7428571428571429,0.7647058823529411,0.7536231884057971,734.0
LLE,Heart,4,27,0.6956521739130435,0.7017543859649122,0.7843137254901961,0.7407407407407408,734.0
LLE,Heart,6,6,0.6141304347826086,0.6823529411764706,0.5686274509803921,0.6203208556149732,734.0
LLE,Heart,6,9,0.717391304347826,0.7192982456140351,0.803921568627451,0.7592592592592592,734.0
LLE,Heart,6,27,0.7119565217391305,0.7207207207207207,0.7843137254901961,0.7511737089201878,734.0
LLE,Heart,8,6,0.5978260869565217,0.6521739130434783,0.5882352941176471,0.6185567010309279,734.0
LLE,Heart,8,9,0.7445652173913043,0.7391304347826086,0.8333333333333334,0.783410138248848,734.0
LLE,Heart,8,27,0.7391304347826086,0.7368421052631579,0.8235294117647058,0.7777777777777778,734.0
LLE,Parkinsons,2,5,0.8205128205128205,0.8055555555555556,1.0,0.8923076923076924,156.0
LLE,Parkinsons,2,12,0.8205128205128205,0.8055555555555556,1.0,0.8923076923076924,156.0
LLE,Parkinsons,4,5,0.8461538461538461,0.8484848484848485,0.9655172413793104,0.9032258064516128,156.0
LLE,Parkinsons,4,12,0.8205128205128205,0.8055555555555556,1.0,0.8923076923076924,156.0
LLE,Parkinsons,6,5,0.8461538461538461,0.8484848484848485,0.9655172413793104,0.9032258064516128,156.0
LLE,Parkinsons,6,12,0.8205128205128205,0.8055555555555556,1.0,0.8923076923076924,156.0
LLE,Parkinsons,8,5,0.8461538461538461,0.8484848484848485,0.9655172413793104,0.9032258064516128,156.0
LLE,Parkinsons,8,12,0.8205128205128205,0.8055555555555556,1.0,0.8923076923076924,156.0
LLE,Parkinsons,10,5,0.8717948717948718,0.8529411764705882,1.0,0.9206349206349206,156.0
LLE,Parkinsons,10,12,0.8205128205128205,0.8055555555555556,1.0,0.8923076923076924,156.0
LLE,StayHospital,2,8,0.2955,0.79182025,0.2955,0.1348054805094558,7999.0
LLE,StayHospital,2,19,0.2955,0.79182025,0.2955,0.1348054805094558,7999.0
LLE,StayHospital,2,89,0.2955,0.79182025,0.2955,0.1348054805094558,7999.0
LLE,StayHospital,4,8,0.2935,0.4882013099595453,0.2935,0.1383261754423516,7999.0
LLE,StayHospital,4,19,0.2955,0.79182025,0.2955,0.1348054805094558,7999.0
LLE,StayHospital,4,89,0.2955,0.79182025,0.2955,0.1348054805094558,7999.0
LLE,StayHospital,6,8,0.293,0.4784249171880751,0.293,0.1363521385567487,7999.0
LLE,StayHospital,6,19,0.2955,0.79182025,0.2955,0.1348054805094558,7999.0
LLE,StayHospital,6,89,0.2965,0.3529703151817756,0.2965,0.1410951028267375,7999.0
LLE,StayHospital,8,8,0.2955,0.5099385971492874,0.2955,0.147790323312707,7999.0
LLE,StayHospital,8,19,0.2985,0.4030239582837278,0.2985,0.1565576393062592,7999.0
LLE,StayHospital,8,89,0.296,0.3828325776720678,0.296,0.1504057678497057,7999.0
LLE,StayHospital,10,8,0.297,0.5168508624968975,0.297,0.156912768313036,7999.0
LLE,StayHospital,10,19,0.294,0.3907886746957532,0.294,0.1564625034526378,7999.0
LLE,StayHospital,10,89,0.2965,0.3935610163817724,0.2965,0.1564362687695056,7999.0
LLE,StayHospital,12,8,0.2965,0.5143204037114416,0.2965,0.1560701687839264,7999.0
LLE,StayHospital,12,19,0.2945,0.3948478832136979,0.2945,0.1579308314884985,7999.0
LLE,StayHospital,12,89,0.2925,0.3772913449474619,0.2925,0.1539984131745568,7999.0
LLE,StayHospital,14,8,0.296,0.339540872704595,0.296,0.156838908431471,7999.0
LLE,StayHospital,14,19,0.293,0.3904785967777394,0.293,0.1567868477623149,7999.0
LLE,StayHospital,14,89,0.2935,0.3955917339953566,0.2935,0.1613537457688676,7999.0
LLE,StayHospital,16,8,0.298,0.3632716783986498,0.298,0.1579880171868525,7999.0
LLE,StayHospital,16,19,0.296,0.4006719949088235,0.296,0.1609459830850383,7999.0
LLE,StayHospital,16,89,0.2945,0.3974337266207966,0.2945,0.1682292485457166,7999.0
LLE,StayHospital,18,8,0.2975,0.3715932554287817,0.2975,0.1597387037109827,7999.0
LLE,StayHospital,18,19,0.298,0.4068585423070042,0.298,0.1769985423879458,7999.0
LLE,StayHospital,18,89,0.293,0.394773939475024,0.293,0.1720237565595404,7999.0
LLE,StayHospital,20,8,0.299,0.369289452124936,0.299,0.1599042791331328,7999.0
LLE,StayHospital,20,19,0.2955,0.4029986736721148,0.2955,0.1749503465922898,7999.0
LLE,StayHospital,20,89,0.292,0.3910627705941695,0.292,0.1723188495697233,7999.0
LLE,StayHospital,22,8,0.298,0.3590861494252873,0.298,0.1630243533527048,7999.0
LLE,StayHospital,22,19,0.2955,0.397370626627817,0.2955,0.1763068695108002,7999.0
LLE,StayHospital,22,89,0.2965,0.4023148436981482,0.2965,0.1777471692658788,7999.0
LLE,StayHospital,24,8,0.2975,0.3455684607293128,0.2975,0.1621770844978344,7999.0
LLE,StayHospital,24,19,0.294,0.3748972460271274,0.294,0.174477344621199,7999.0
LLE,StayHospital,24,89,0.2985,0.4088852074214611,0.2985,0.1808383676117292,7999.0
LLE,Zoo,2,4,0.7619047619047619,0.9107142857142856,0.7619047619047619,0.7191919191919192,80.0
LLE,Zoo,2,8,0.6190476190476191,0.6958874458874459,0.6190476190476191,0.5535266738274257,80.0
LLE,Zoo,4,4,0.9523809523809524,0.9642857142857144,0.9523809523809524,0.9319727891156462,80.0
LLE,Zoo,4,8,0.8095238095238095,0.8603896103896105,0.8095238095238095,0.7289652703186538,80.0
LLE,Zoo,6,4,0.8571428571428571,0.9166666666666666,0.8571428571428571,0.8049886621315193,80.0
LLE,Zoo,6,8,0.8571428571428571,0.9166666666666666,0.8571428571428571,0.8049886621315193,80.0
LPP,AcademicSuccess,2,8,0.6519774011299435,0.7506112547479971,0.6519774011299435,0.5786687511422788,3539.0
LPP,AcademicSuccess,2,15,0.6474576271186441,0.7455743879472693,0.6474576271186441,0.5741471697329026,3539.0
LPP,AcademicSuccess,2,59,0.656497175141243,0.7615206631820735,0.656497175141243,0.5826294175231647,3539.0
LPP,AcademicSuccess,4,8,0.6587570621468927,0.7654114555460159,0.6587570621468927,0.5846297445812776,3539.0
LPP,AcademicSuccess,4,15,0.6576271186440678,0.7673599950461528,0.6576271186440678,0.5836295253779259,3539.0
LPP,AcademicSuccess,4,59,0.6542372881355932,0.764108824424052,0.6542372881355932,0.5796075067010135,3539.0
LPP,AcademicSuccess,6,8,0.6711864406779661,0.6405752439650746,0.6711864406779661,0.6041062363460139,3539.0
LPP,AcademicSuccess,6,15,0.6768361581920904,0.6773629179719384,0.6768361581920904,0.6114342097820272,3539.0
LPP,AcademicSuccess,6,59,0.6813559322033899,0.6338123358885165,0.6813559322033899,0.6131615404010166,3539.0
LPP,AcademicSuccess,8,8,0.6689265536723163,0.624430882114431,0.6689265536723163,0.6005400838569093,3539.0
LPP,AcademicSuccess,8,15,0.6937853107344633,0.6758695046885345,0.6937853107344633,0.6324589970624243,3539.0
LPP,AcademicSuccess,8,59,0.7050847457627119,0.6955786887263806,0.7050847457627119,0.6443614211096318,3539.0
LPP,AcademicSuccess,10,8,0.6836158192090396,0.6716970583924439,0.6836158192090396,0.6190222796719513,3539.0
LPP,AcademicSuccess,10,15,0.6949152542372882,0.7038020449521002,0.6949152542372882,0.6384065879019787,3539.0
LPP,AcademicSuccess,10,59,0.711864406779661,0.6892935823551346,0.711864406779661,0.6608232602646311,3539.0
LPP,AcademicSuccess,12,8,0.6847457627118644,0.6806243076550491,0.6847457627118644,0.6265675446435515,3539.0
LPP,AcademicSuccess,12,15,0.688135593220339,0.673845739856692,0.688135593220339,0.6362036531641543,3539.0
LPP,AcademicSuccess,12,59,0.7310734463276836,0.7150042229383451,0.7310734463276836,0.6971070686209789,3539.0
LPP,AcademicSuccess,14,8,0.6983050847457627,0.6832071020682998,0.6983050847457627,0.6541757267234339,3539.0
LPP,AcademicSuccess,14,15,0.7028248587570621,0.6905395485570321,0.7028248587570621,0.6594507237128885,3539.0
LPP,AcademicSuccess,14,59,0.7265536723163842,0.7073392099177425,0.7265536723163842,0.6915299362832711,3539.0
LPP,AcademicSuccess,16,8,0.7050847457627119,0.6806964495129463,0.7050847457627119,0.6685201822247271,3539.0
LPP,AcademicSuccess,16,15,0.7084745762711865,0.686544645778427,0.7084745762711865,0.6739697514349096,3539.0
LPP,AcademicSuccess,16,59,0.7163841807909604,0.6950968813700453,0.7163841807909604,0.6868165078192313,3539.0
LPP,BuyCoupon,2,9,0.5675995270003942,0.5680473372781065,0.9986130374479888,0.7241639426703546,10147.0
LPP,BuyCoupon,2,21,0.5683878596767836,0.5683878596767836,1.0,0.7248052274440815,10147.0
LPP,BuyCoupon,2,100,0.5719353567205361,0.5716009654062751,0.9854368932038836,0.7235234215885947,10147.0
LPP,BuyCoupon,5,9,0.5648403626330312,0.5672235481304694,0.9889042995839112,0.7209302325581396,10147.0
LPP,BuyCoupon,5,21,0.5687820260149783,0.5686661404893449,0.9993065187239945,0.7248490945674044,10147.0
LPP,BuyCoupon,5,100,0.5683878596767836,0.5683878596767836,1.0,0.7248052274440815,10147.0
LPP,BuyCoupon,8,9,0.5648403626330312,0.5672235481304694,0.9889042995839112,0.7209302325581396,10147.0
LPP,BuyCoupon,8,21,0.5683878596767836,0.5683878596767836,1.0,0.7248052274440815,10147.0
LPP,BuyCoupon,8,100,0.5683878596767836,0.5683878596767836,1.0,0.7248052274440815,10147.0
LPP,BuyCoupon,11,9,0.5648403626330312,0.5672235481304694,0.9889042995839112,0.7209302325581396,10147.0
LPP,BuyCoupon,11,21,0.5683878596767836,0.5683878596767836,1.0,0.7248052274440815,10147.0
LPP,BuyCoupon,11,100,0.5683878596767836,0.5683878596767836,1.0,0.7248052274440815,10147.0
LPP,BuyCoupon,14,9,0.5648403626330312,0.5672235481304694,0.9889042995839112,0.7209302325581396,10147.0
LPP,BuyCoupon,14,21,0.5648403626330312,0.5672235481304694,0.9889042995839112,0.7209302325581396,10147.0
LPP,BuyCoupon,14,100,0.5683878596767836,0.5683878596767836,1.0,0.7248052274440815,10147.0
LPP,BuyCoupon,17,9,0.5648403626330312,0.5672235481304694,0.9889042995839112,0.7209302325581396,10147.0
LPP,BuyCoupon,17,21,0.5648403626330312,0.5672235481304694,0.9889042995839112,0.7209302325581396,10147.0
LPP,BuyCoupon,17,100,0.5648403626330312,0.5672235481304694,0.9889042995839112,0.7209302325581396,10147.0
LPP,BuyCoupon,20,9,0.5695703586913677,0.5787578757875788,0.8918169209431346,0.7019650655021834,10147.0
LPP,BuyCoupon,20,21,0.5668111943240047,0.574468085106383,0.9174757281553398,0.7065420560747665,10147.0
LPP,BuyCoupon,20,100,0.607016160819866,0.6090151886330231,0.8619972260748959,0.7137525122021244,10147.0
LPP,BuyCoupon,23,9,0.584548679542767,0.5866071428571429,0.91123439667129,0.7137425312330257,10147.0
LPP,BuyCoupon,23,21,0.6066219944816713,0.6128048780487805,0.8363384188626907,0.7073313782991202,10147.0
LPP,BuyCoupon,23,100,0.62238864800946,0.6283138918345705,0.8217753120665742,0.7121394230769231,10147.0
LPP,BuyCoupon,26,9,0.5932203389830508,0.5961538461538461,0.8814147018030514,0.7112479015109122,10147.0
LPP,BuyCoupon,26,21,0.612534489554592,0.6178736517719569,0.834257975034674,0.7099439362643847,10147.0
LPP,BuyCoupon,26,100,0.6283011430823807,0.635230352303523,0.812760055478502,0.7131122604198357,10147.0
LPP,BuyCoupon,29,9,0.6022861647615294,0.6107416879795396,0.8280166435506241,0.7029732116573447,10147.0
LPP,BuyCoupon,29,21,0.6302719747733544,0.6392265193370166,0.8023578363384188,0.7115621156211561,10147.0
LPP,BuyCoupon,29,100,0.6397319668900275,0.6448957189901208,0.8148404993065187,0.7199754901960785,10147.0
LPP,DryBean,2,9,0.868160117517444,0.8685947829066141,0.868160117517444,0.8664346204555482,10888.0
LPP,DryBean,2,22,0.866691149467499,0.8671714553391268,0.866691149467499,0.8651389670568765,10888.0
LPP,DryBean,2,104,0.8688946015424165,0.8690234094051763,0.8688946015424165,0.8676427663818823,10888.0
LPP,DryBean,4,9,0.9023136246786632,0.9037720549473564,0.9023136246786632,0.9024127690112972,10888.0
LPP,DryBean,4,22,0.9026808666911494,0.9042858718812192,0.9026808666911494,0.902920397185144,10888.0
LPP,DryBean,4,104,0.9052515607785532,0.907052415744148,0.9052515607785532,0.9055355107358696,10888.0
LPP,DryBean,6,9,0.9155343371281676,0.9164802925044122,0.9155343371281676,0.9157575380018446,10888.0
LPP,DryBean,6,22,0.9214102093279471,0.9223520786484892,0.9214102093279471,0.9216495678773914,10888.0
LPP,DryBean,6,104,0.9239809034153508,0.9249981665282369,0.9239809034153508,0.9242922181522688,10888.0
LPP,FakeWebsite,2,9,0.8163726820443238,0.8035320088300221,0.8870836718115354,0.8432432432432432,8844.0
LPP,FakeWebsite,2,20,0.8181818181818182,0.8001448225923244,0.8976441917140536,0.8460949464012252,8844.0
LPP,FakeWebsite,2,94,0.8548168249660787,0.828757225433526,0.9317627944760356,0.8772466539196941,8844.0
LPP,FakeWebsite,4,9,0.8977838082315694,0.900398406374502,0.9179528838342812,0.9090909090909092,8844.0
LPP,FakeWebsite,4,20,0.89280868385346,0.8976,0.9114541023558084,0.9044740024183796,8844.0
LPP,FakeWebsite,4,94,0.8914518317503393,0.8992747784045125,0.9065800162469536,0.9029126213592232,8844.0
LPP,FakeWebsite,6,9,0.901402080506558,0.8972549019607843,0.9293257514216084,0.9130087789305666,8844.0
LPP,FakeWebsite,6,20,0.9018543645409316,0.901743264659271,0.924451665312754,0.9129562775772162,8844.0
LPP,FakeWebsite,6,94,0.8964269561284487,0.905996758508914,0.908204711616572,0.9070993914807304,8844.0
LPP,FakeWebsite,8,9,0.9122568973315242,0.9111816019032514,0.933387489845654,0.92215088282504,8844.0
LPP,FakeWebsite,8,20,0.911352329262777,0.9110405083399524,0.9317627944760356,0.921285140562249,8844.0
LPP,FakeWebsite,8,94,0.9140660334690184,0.9127676447264076,0.9350121852152722,0.9237560192616372,8844.0
LPP,FakeWebsite,10,9,0.9222071460877432,0.9192399049881236,0.9431356620633632,0.9310344827586206,8844.0
LPP,FakeWebsite,10,20,0.9194934418815016,0.9155485398579322,0.942323314378554,0.9287429943955164,8844.0
LPP,FakeWebsite,10,94,0.9176843057440072,0.913317572892041,0.9415109666937448,0.9272,8844.0
LPP,FakeWebsite,12,9,0.942107643600181,0.9332285938727416,0.9650690495532088,0.9488817891373802,8844.0
LPP,FakeWebsite,12,20,0.9380370872908186,0.9280125195618152,0.9634443541835904,0.9453965723395776,8844.0
LPP,FakeWebsite,12,94,0.9416553595658074,0.9284603421461898,0.9699431356620634,0.9487485101311084,8844.0
LPP,FakeWebsite,14,9,0.9502487562189056,0.941686367218282,0.9707554833468724,0.956,8844.0
LPP,FakeWebsite,14,20,0.9484396200814112,0.9408050513022888,0.9683184402924452,0.9543634907926342,8844.0
LPP,FakeWebsite,14,94,0.9493441881501584,0.940204563335956,0.9707554833468724,0.9552358113509192,8844.0
LPP,Glass,2,5,0.5581395348837209,0.6414696111002541,0.5581395348837209,0.4977153379253904,171.0
LPP,Glass,2,13,0.6046511627906976,0.6788825689394485,0.6046511627906976,0.5626321353065539,171.0
LPP,Grade,2,6,0.96,0.9623480017006804,0.96,0.959899574257802,800.0
LPP,Grade,2,9,0.96,0.9623480017006804,0.96,0.959899574257802,800.0
LPP,Grade,2,28,0.955,0.9591326530612244,0.955,0.9550650166826636,800.0
LPP,Heart,2,6,0.5543478260869565,0.5543478260869565,1.0,0.7132867132867133,734.0
LPP,Heart,2,9,0.5543478260869565,0.5543478260869565,1.0,0.7132867132867133,734.0
LPP,Heart,2,27,0.5543478260869565,0.5543478260869565,1.0,0.7132867132867133,734.0
LPP,Heart,4,6,0.625,0.7323943661971831,0.5098039215686274,0.6011560693641619,734.0
LPP,Heart,4,9,0.6086956521739131,0.7272727272727273,0.4705882352941176,0.5714285714285714,734.0
LPP,Heart,4,27,0.6086956521739131,0.7205882352941176,0.4803921568627451,0.5764705882352942,734.0
LPP,Heart,6,6,0.7065217391304348,0.7105263157894737,0.7941176470588235,0.7499999999999999,734.0
LPP,Heart,6,9,0.7010869565217391,0.7008547008547008,0.803921568627451,0.7488584474885844,734.0
LPP,Heart,6,27,0.7119565217391305,0.7168141592920354,0.7941176470588235,0.7534883720930233,734.0
LPP,Heart,8,6,0.7228260869565217,0.717948717948718,0.8235294117647058,0.767123287671233,734.0
LPP,Heart,8,9,0.7934782608695652,0.8018867924528302,0.8333333333333334,0.8173076923076923,734.0
LPP,Heart,8,27,0.7554347826086957,0.7478260869565218,0.8431372549019608,0.7926267281105991,734.0
LPP,Parkinsons,2,5,0.8461538461538461,0.8285714285714286,1.0,0.90625,156.0
LPP,Parkinsons,2,12,0.8205128205128205,0.8055555555555556,1.0,0.8923076923076924,156.0
LPP,Parkinsons,4,5,0.8461538461538461,0.8285714285714286,1.0,0.90625,156.0
LPP,Parkinsons,4,12,0.8205128205128205,0.8055555555555556,1.0,0.8923076923076924,156.0
LPP,Parkinsons,6,5,0.8205128205128205,0.8235294117647058,0.9655172413793104,0.888888888888889,156.0
LPP,Parkinsons,6,12,0.8205128205128205,0.8055555555555556,1.0,0.8923076923076924,156.0
LPP,Parkinsons,8,5,0.8717948717948718,0.8529411764705882,1.0,0.9206349206349206,156.0
LPP,Parkinsons,8,12,0.8717948717948718,0.8529411764705882,1.0,0.9206349206349206,156.0
LPP,Parkinsons,10,5,0.8461538461538461,0.8285714285714286,1.0,0.90625,156.0
LPP,Parkinsons,10,12,0.8205128205128205,0.8055555555555556,1.0,0.8923076923076924,156.0
LPP,StayHospital,2,8,0.2945,0.5016704513862877,0.2945,0.1546859865077965,7999.0
LPP,StayHospital,2,19,0.2955,0.79182025,0.2955,0.1348054805094558,7999.0
LPP,StayHospital,2,89,0.294,0.5148488157525927,0.294,0.1437345247601522,7999.0
LPP,StayHospital,4,8,0.2955,0.79182025,0.2955,0.1348054805094558,7999.0
LPP,StayHospital,4,19,0.2955,0.79182025,0.2955,0.1348054805094558,7999.0
LPP,StayHospital,4,89,0.2955,0.79182025,0.2955,0.1348054805094558,7999.0
LPP,StayHospital,6,8,0.2955,0.79182025,0.2955,0.1348054805094558,7999.0
LPP,StayHospital,6,19,0.2955,0.79182025,0.2955,0.1348054805094558,7999.0
LPP,StayHospital,6,89,0.2955,0.79182025,0.2955,0.1348054805094558,7999.0
LPP,StayHospital,8,8,0.2955,0.79182025,0.2955,0.1348054805094558,7999.0
LPP,StayHospital,8,19,0.297,0.547941855187823,0.297,0.1439748619230187,7999.0
LPP,StayHospital,8,89,0.2955,0.79182025,0.2955,0.1348054805094558,7999.0
LPP,StayHospital,10,8,0.297,0.5563986137943724,0.297,0.1448025412721306,7999.0
LPP,StayHospital,10,19,0.297,0.5510601927669738,0.297,0.1439268776830165,7999.0
LPP,StayHospital,10,89,0.2955,0.5299393088185222,0.2955,0.1410374165996332,7999.0
LPP,StayHospital,12,8,0.297,0.4311234228831854,0.297,0.1571219251824583,7999.0
LPP,StayHospital,12,19,0.297,0.6894654200819672,0.297,0.1435298217198833,7999.0
LPP,StayHospital,12,89,0.296,0.5116918777943369,0.296,0.1426906222612953,7999.0
LPP,StayHospital,14,8,0.299,0.4449346068119995,0.299,0.1693369583783552,7999.0
LPP,StayHospital,14,19,0.304,0.5295151342674604,0.304,0.175291837564508,7999.0
LPP,StayHospital,14,89,0.298,0.3537454439883787,0.298,0.1677852232746721,7999.0
LPP,StayHospital,16,8,0.3045,0.3965988776277589,0.3045,0.1781612505230983,7999.0
LPP,StayHospital,16,19,0.3125,0.4241816120387549,0.3125,0.1913077396090493,7999.0
LPP,StayHospital,16,89,0.3055,0.3981343580733532,0.3055,0.1799101519981504,7999.0
LPP,StayHospital,18,8,0.322,0.4200561212792386,0.322,0.2230159721983466,7999.0
LPP,StayHospital,18,19,0.3115,0.4164151198972441,0.3115,0.2031457810522529,7999.0
LPP,StayHospital,18,89,0.3135,0.3985413324628267,0.3135,0.1973015920350915,7999.0
LPP,StayHospital,20,8,0.3425,0.4408807212517016,0.3425,0.2500270890159957,7999.0
LPP,StayHospital,20,19,0.32,0.4216941522476048,0.32,0.2153418911082709,7999.0
LPP,StayHospital,20,89,0.3215,0.4078403286556192,0.3215,0.2239733703928454,7999.0
LPP,StayHospital,22,8,0.3565,0.4402828511654121,0.3565,0.2697506426458152,7999.0
LPP,StayHospital,22,19,0.3325,0.4286144890463202,0.3325,0.2358154009446616,7999.0
LPP,StayHospital,22,89,0.3385,0.4228827884275694,0.3385,0.2515240260281723,7999.0
LPP,StayHospital,24,8,0.3585,0.4406231876033405,0.3585,0.2769584023020421,7999.0
LPP,StayHospital,24,19,0.3415,0.4188781066972243,0.3415,0.2542393540831983,7999.0
LPP,StayHospital,24,89,0.3475,0.3715864913833089,0.3475,0.2733260392025973,7999.0
LPP,Zoo,2,4,0.7142857142857143,0.9047619047619048,0.7142857142857143,0.6428571428571429,80.0
LPP,Zoo,2,8,0.7142857142857143,0.7582417582417582,0.7142857142857143,0.6235827664399093,80.0
LPP,Zoo,4,4,0.8095238095238095,0.8214285714285714,0.8095238095238095,0.7573696145124716,80.0
LPP,Zoo,4,8,0.8095238095238095,0.783068783068783,0.8095238095238095,0.7680672268907562,80.0
LPP,Zoo,6,4,1.0,1.0,1.0,1.0,80.0
LPP,Zoo,6,8,0.9523809523809524,0.968253968253968,0.9523809523809524,0.9333333333333332,80.0
KPCA,AcademicSuccess,2,,0.6666666666666666,0.6346177901584097,0.6666666666666666,0.6024883344228782,3539.0
KPCA,AcademicSuccess,4,,0.6983050847457627,0.6788467661963118,0.6983050847457627,0.6365614054523306,3539.0
KPCA,AcademicSuccess,6,,0.703954802259887,0.6803312552953104,0.703954802259887,0.6437628237897647,3539.0
KPCA,AcademicSuccess,8,,0.7141242937853107,0.6839291610126276,0.7141242937853107,0.6641034038175714,3539.0
KPCA,AcademicSuccess,10,,0.7310734463276836,0.7067204315383757,0.7310734463276836,0.702316567543213,3539.0
KPCA,AcademicSuccess,12,,0.727683615819209,0.7038474448401306,0.727683615819209,0.6987981208998159,3539.0
KPCA,AcademicSuccess,14,,0.735593220338983,0.7120460067454243,0.735593220338983,0.7064228537379436,3539.0
KPCA,AcademicSuccess,16,,0.7367231638418079,0.7151890738677986,0.7367231638418079,0.7096303767166174,3539.0
KPCA,BuyCoupon,2,,0.5683878596767836,0.5683878596767836,1.0,0.7248052274440815,10147.0
KPCA,BuyCoupon,5,,0.570752857705952,0.5720114239086087,0.972260748959778,0.7202671461597739,10147.0
KPCA,BuyCoupon,8,,0.5668111943240047,0.573009791400596,0.9334257975034674,0.71010287523081,10147.0
KPCA,BuyCoupon,11,,0.5668111943240047,0.573009791400596,0.9334257975034674,0.71010287523081,10147.0
KPCA,BuyCoupon,14,,0.5668111943240047,0.573009791400596,0.9334257975034674,0.71010287523081,10147.0
KPCA,BuyCoupon,17,,0.5782420181316515,0.5845454545454546,0.8918169209431346,0.7062053816584295,10147.0
KPCA,BuyCoupon,20,,0.5798186834844304,0.5852994555353902,0.8945908460471568,0.7076247942951178,10147.0
KPCA,BuyCoupon,23,,0.5806070161608199,0.5884003741814781,0.8723994452149791,0.7027932960893856,10147.0
KPCA,BuyCoupon,26,,0.5892786756011037,0.5938967136150235,0.8772538141470181,0.708286674132139,10147.0
KPCA,BuyCoupon,29,,0.5947970043358297,0.6018700787401575,0.848127600554785,0.7040875071963154,10147.0
KPCA,DryBean,2,,0.7484392214469335,0.7507136604433188,0.7484392214469335,0.7427455298013773,10888.0
KPCA,DryBean,4,,0.8883584282041865,0.8896628116470202,0.8883584282041865,0.8877192391048507,10888.0
KPCA,DryBean,6,,0.9059860448035256,0.9066681154499048,0.9059860448035256,0.9058921184134332,10888.0
KPCA,FakeWebsite,2,,0.898236092265943,0.9030448717948718,0.9155158407798538,0.90923759580476,8844.0
KPCA,FakeWebsite,4,,0.8995929443690638,0.908502024291498,0.9114541023558084,0.9099756690997566,8844.0
KPCA,FakeWebsite,6,,0.9095431931252826,0.911412609736632,0.9277010560519904,0.9194847020933978,8844.0
KPCA,FakeWebsite,8,,0.932157394843962,0.934136546184739,0.9447603574329814,0.9394184168012925,8844.0
KPCA,FakeWebsite,10,,0.9366802351876978,0.9346613545816732,0.9528838342810724,0.9436846339501206,8844.0
KPCA,FakeWebsite,12,,0.943012211668928,0.9367588932806324,0.9626320064987814,0.9495192307692308,8844.0
KPCA,FakeWebsite,14,,0.9466304839439168,0.9385342789598108,0.967506092607636,0.9528,8844.0
KPCA,Glass,2,,0.4651162790697674,0.5340380549682876,0.4651162790697674,0.3836597307221542,171.0
KPCA,Grade,2,,0.445,0.753025,0.445,0.274083044982699,800.0
KPCA,Heart,2,,0.5543478260869565,0.5543478260869565,1.0,0.7132867132867133,734.0
KPCA,Heart,4,,0.5543478260869565,0.5543478260869565,1.0,0.7132867132867133,734.0
KPCA,Heart,6,,0.5543478260869565,0.5543478260869565,1.0,0.7132867132867133,734.0
KPCA,Heart,8,,0.5543478260869565,0.5543478260869565,1.0,0.7132867132867133,734.0
KPCA,Parkinsons,2,,0.8205128205128205,0.8055555555555556,1.0,0.8923076923076924,156.0
KPCA,Parkinsons,4,,0.8205128205128205,0.8055555555555556,1.0,0.8923076923076924,156.0
KPCA,Parkinsons,6,,0.8974358974358975,0.8787878787878788,1.0,0.935483870967742,156.0
KPCA,Parkinsons,8,,0.8974358974358975,0.8787878787878788,1.0,0.935483870967742,156.0
KPCA,Parkinsons,10,,0.8974358974358975,0.8787878787878788,1.0,0.935483870967742,156.0
KPCA,StayHospital,2,,0.2955,0.79182025,0.2955,0.1348054805094558,7999.0
KPCA,StayHospital,4,,0.2955,0.79182025,0.2955,0.1348054805094558,7999.0
KPCA,StayHospital,6,,0.2955,0.79182025,0.2955,0.1348054805094558,7999.0
KPCA,StayHospital,8,,0.2955,0.79182025,0.2955,0.1348054805094558,7999.0
KPCA,StayHospital,10,,0.2955,0.79182025,0.2955,0.1348054805094558,7999.0
KPCA,StayHospital,12,,0.2955,0.79182025,0.2955,0.1348054805094558,7999.0
KPCA,StayHospital,14,,0.2955,0.79182025,0.2955,0.1348054805094558,7999.0
KPCA,StayHospital,16,,0.2955,0.79182025,0.2955,0.1348054805094558,7999.0
KPCA,StayHospital,18,,0.2955,0.79182025,0.2955,0.1348054805094558,7999.0
KPCA,StayHospital,20,,0.2955,0.79182025,0.2955,0.1348054805094558,7999.0
KPCA,StayHospital,22,,0.2955,0.79182025,0.2955,0.1348054805094558,7999.0
KPCA,StayHospital,24,,0.2955,0.79182025,0.2955,0.1348054805094558,7999.0
KPCA,Zoo,2,,0.8571428571428571,0.8944444444444444,0.8571428571428571,0.8123960695389266,80.0
KPCA,Zoo,4,,0.9523809523809524,0.9642857142857144,0.9523809523809524,0.9319727891156462,80.0
KPCA,Zoo,6,,0.9523809523809524,0.9642857142857144,0.9523809523809524,0.9319727891156462,80.0
ICA,AcademicSuccess,2,,0.6632768361581921,0.7329015521488949,0.6632768361581921,0.5922454629577624,3539.0
ICA,AcademicSuccess,4,,0.688135593220339,0.6486800415589331,0.688135593220339,0.6223973335528433,3539.0
ICA,AcademicSuccess,6,,0.7220338983050848,0.7005712887181842,0.7220338983050848,0.6871392627899197,3539.0
ICA,AcademicSuccess,8,,0.7163841807909604,0.6897124340048578,0.7163841807909604,0.6814749075522525,3539.0
ICA,AcademicSuccess,10,,0.7163841807909604,0.6907437608395502,0.7163841807909604,0.6885760714645008,3539.0
ICA,AcademicSuccess,12,,0.7254237288135593,0.7059164615221021,0.7254237288135593,0.6990001190003091,3539.0
ICA,AcademicSuccess,14,,0.7163841807909604,0.6951726694569254,0.7163841807909604,0.6940579560004534,3539.0
ICA,AcademicSuccess,16,,0.7209039548022599,0.6982940640690284,0.7209039548022599,0.6991914643727876,3539.0
ICA,BuyCoupon,2,,0.5648403626330312,0.5672235481304694,0.9889042995839112,0.7209302325581396,10147.0
ICA,BuyCoupon,5,,0.6085928261726449,0.6198611852642819,0.805131761442441,0.7004524886877829,10147.0
ICA,BuyCoupon,8,,0.6026803310997241,0.61337513061651,0.8141470180305131,0.699642431466031,10147.0
ICA,BuyCoupon,11,,0.640520299566417,0.644808743169399,0.8183079056865464,0.7212713936430318,10147.0
ICA,BuyCoupon,14,,0.6677177769018526,0.6760728982951205,0.79750346740638,0.7317849188673241,10147.0
ICA,BuyCoupon,17,,0.6960977532518723,0.7027190332326284,0.8065187239944521,0.7510494026477236,10147.0
ICA,BuyCoupon,20,,0.7162002364998029,0.724502487562189,0.8079056865464632,0.7639344262295082,10147.0
ICA,BuyCoupon,23,,0.7327552227039811,0.7426937738246506,0.8106796116504854,0.7751989389920425,10147.0
ICA,BuyCoupon,26,,0.7366968860859283,0.7421777221526908,0.8224687933425797,0.7802631578947368,10147.0
ICA,BuyCoupon,29,,0.7382735514387071,0.7465145754119138,0.8169209431345353,0.7801324503311259,10147.0
ICA,DryBean,2,,0.8817480719794345,0.8847594473444789,0.8817480719794345,0.879600793301895,10888.0
ICA,DryBean,4,,0.9015791406536908,0.9025774777273238,0.9015791406536908,0.9012749984692034,10888.0
ICA,DryBean,6,,0.9331619537275064,0.9335386536491168,0.9331619537275064,0.933282762455244,10888.0
ICA,FakeWebsite,2,,0.8991406603346902,0.9057971014492754,0.9138911454102356,0.909826122118884,8844.0
ICA,FakeWebsite,4,,0.900497512437811,0.9146841673502872,0.9057676685621446,0.9102040816326532,8844.0
ICA,FakeWebsite,6,,0.9136137494346448,0.9166666666666666,0.9293257514216084,0.9229528035498183,8844.0
ICA,FakeWebsite,8,,0.93441881501583,0.931637519872814,0.9520714865962632,0.9417436721574928,8844.0
ICA,FakeWebsite,10,,0.9389416553595658,0.9349206349206348,0.9569455727051178,0.9458048976314732,8844.0
ICA,FakeWebsite,12,,0.9448213478064224,0.9383399209486166,0.9642567018683996,0.9511217948717948,8844.0
ICA,FakeWebsite,14,,0.9511533242876526,0.9424743892829,0.9715678310316817,0.9568,8844.0
ICA,Glass,2,,0.6976744186046512,0.7586831772878284,0.6976744186046512,0.6410941815913748,171.0
ICA,Grade,2,,0.965,0.9667947368421052,0.965,0.96485228510468,800.0
ICA,Heart,2,,0.6956521739130435,0.6949152542372882,0.803921568627451,0.7454545454545455,734.0
ICA,Heart,4,,0.7391304347826086,0.7288135593220338,0.8431372549019608,0.7818181818181819,734.0
ICA,Heart,6,,0.8478260869565217,0.8363636363636363,0.9019607843137256,0.8679245283018867,734.0
ICA,Heart,8,,0.8369565217391305,0.8272727272727273,0.8921568627450981,0.8584905660377359,734.0
ICA,Parkinsons,2,,0.8461538461538461,0.8285714285714286,1.0,0.90625,156.0
ICA,Parkinsons,4,,0.8205128205128205,0.8055555555555556,1.0,0.8923076923076924,156.0
ICA,Parkinsons,6,,0.8461538461538461,0.8285714285714286,1.0,0.90625,156.0
ICA,Parkinsons,8,,0.8717948717948718,0.8529411764705882,1.0,0.9206349206349206,156.0
ICA,Parkinsons,10,,0.8205128205128205,0.8055555555555556,1.0,0.8923076923076924,156.0
ICA,StayHospital,2,,0.2975,0.5414044097043852,0.2975,0.1480585611513613,7999.0
ICA,StayHospital,4,,0.299,0.4127913033022528,0.299,0.1624705956183184,7999.0
ICA,StayHospital,6,,0.35,0.4398784027387422,0.35,0.260807812106936,7999.0
ICA,StayHospital,8,,0.378,0.4110576277709195,0.378,0.3059247758758022,7999.0
ICA,StayHospital,10,,0.3955,0.4724904416585672,0.3955,0.3347591846493424,7999.0
ICA,StayHospital,12,,0.4005,0.4321193771195202,0.4005,0.3406350517732711,7999.0
ICA,StayHospital,14,,0.4055,0.4423238796066744,0.4055,0.3468690224970343,7999.0
ICA,StayHospital,16,,0.412,0.4418935301713986,0.412,0.3529711397081986,7999.0
ICA,StayHospital,18,,0.4155,0.4432764464696114,0.4155,0.3542547080802746,7999.0
ICA,StayHospital,20,,0.413,0.4414682835907191,0.413,0.350869966649571,7999.0
ICA,StayHospital,22,,0.421,0.4663739817467502,0.421,0.3607858530510698,7999.0
ICA,StayHospital,24,,0.4145,0.4543445961641936,0.4145,0.3549321991533389,7999.0
ICA,Zoo,2,,0.8571428571428571,0.8944444444444444,0.8571428571428571,0.8123960695389266,80.0
ICA,Zoo,4,,0.9523809523809524,0.9642857142857144,0.9523809523809524,0.9319727891156462,80.0
ICA,Zoo,6,,0.9523809523809524,0.9576719576719576,0.9523809523809524,0.9299719887955182,80.0
UMAP,AcademicSuccess,2,8,0.6418079096045197,0.7406630213190732,0.6418079096045197,0.5671903436042598,3539.0
UMAP,AcademicSuccess,2,15,0.63954802259887,0.7370178686947967,0.63954802259887,0.5648099532078033,3539.0
UMAP,AcademicSuccess,2,59,0.6384180790960452,0.7344763678968762,0.6384180790960452,0.5649958642302759,3539.0
UMAP,AcademicSuccess,4,8,0.6440677966101694,0.7501775048052315,0.6440677966101694,0.568856699350046,3539.0
UMAP,AcademicSuccess,4,15,0.63954802259887,0.7321136354529791,0.63954802259887,0.56514528706418,3539.0
UMAP,AcademicSuccess,4,59,0.6474576271186441,0.7534930981394378,0.6474576271186441,0.5710957416262784,3539.0
UMAP,AcademicSuccess,6,8,0.6485875706214689,0.7462390513632415,0.6485875706214689,0.5746072376054827,3539.0
UMAP,AcademicSuccess,6,15,0.6418079096045197,0.7384207760775175,0.6418079096045197,0.5665410971532056,3539.0
UMAP,AcademicSuccess,6,59,0.63954802259887,0.7685842715163512,0.63954802259887,0.561415132500925,3539.0
UMAP,AcademicSuccess,8,8,0.6463276836158192,0.5723984381284769,0.6463276836158192,0.5726311037756477,3539.0
UMAP,AcademicSuccess,8,15,0.6463276836158192,0.7528032707523542,0.6463276836158192,0.5702390777699344,3539.0
UMAP,AcademicSuccess,8,59,0.6429378531073446,0.7668797251144548,0.6429378531073446,0.5657562625539841,3539.0
UMAP,AcademicSuccess,10,8,0.6485875706214689,0.7472860175314141,0.6485875706214689,0.5743098879589059,3539.0
UMAP,AcademicSuccess,10,15,0.6485875706214689,0.7517699472366731,0.6485875706214689,0.5730668574237093,3539.0
UMAP,AcademicSuccess,10,59,0.6429378531073446,0.7575338861221581,0.6429378531073446,0.5659342575916008,3539.0
UMAP,AcademicSuccess,12,8,0.6531073446327683,0.7502382564071898,0.6531073446327683,0.5794164021185306,3539.0
UMAP,AcademicSuccess,12,15,0.6463276836158192,0.7528032707523542,0.6463276836158192,0.5702390777699344,3539.0
UMAP,AcademicSuccess,12,59,0.6440677966101694,0.7582051934238213,0.6440677966101694,0.5672755039585519,3539.0
UMAP,AcademicSuccess,14,8,0.6440677966101694,0.750199386617388,0.6440677966101694,0.5693069085337036,3539.0
UMAP,AcademicSuccess,14,15,0.6463276836158192,0.7554114274118926,0.6463276836158192,0.5704930360798204,3539.0
UMAP,AcademicSuccess,14,59,0.6372881355932203,0.7621021499260607,0.6372881355932203,0.5593064617246479,3539.0
UMAP,AcademicSuccess,16,8,0.6508474576271186,0.7487667910488307,0.6508474576271186,0.5768703002163381,3539.0
UMAP,AcademicSuccess,16,15,0.6451977401129944,0.7533931635452117,0.6451977401129944,0.5690442597601713,3539.0
UMAP,AcademicSuccess,16,59,0.6384180790960452,0.757878381011052,0.6384180790960452,0.5607897317438744,3539.0
UMAP,BuyCoupon,2,9,0.5695703586913677,0.5713703099510603,0.9715672676837726,0.7195685670261941,10147.0
UMAP,BuyCoupon,2,21,0.570752857705952,0.5719527109661638,0.9729542302357836,0.7204107830551989,10147.0
UMAP,BuyCoupon,2,100,0.570752857705952,0.5720114239086087,0.972260748959778,0.7202671461597739,10147.0
UMAP,BuyCoupon,5,9,0.5703586913677572,0.5741989881956155,0.9445214979195562,0.714210802307289,10147.0
UMAP,BuyCoupon,5,21,0.5664170279858101,0.57421875,0.9174757281553398,0.7063534436732516,10147.0
UMAP,BuyCoupon,5,100,0.5668111943240047,0.573009791400596,0.9334257975034674,0.71010287523081,10147.0
UMAP,BuyCoupon,8,9,0.5679936933385888,0.5752828546562228,0.9167822468793344,0.7069518716577541,10147.0
UMAP,BuyCoupon,8,21,0.5668111943240047,0.573009791400596,0.9334257975034674,0.71010287523081,10147.0
UMAP,BuyCoupon,8,100,0.5668111943240047,0.573009791400596,0.9334257975034674,0.71010287523081,10147.0
UMAP,BuyCoupon,11,9,0.5675995270003942,0.5739391341620231,0.9285714285714286,0.7094039735099338,10147.0
UMAP,BuyCoupon,11,21,0.5668111943240047,0.573009791400596,0.9334257975034674,0.71010287523081,10147.0
UMAP,BuyCoupon,11,100,0.5656286953094206,0.5737847222222222,0.9167822468793344,0.7058195408435665,10147.0
UMAP,BuyCoupon,14,9,0.5687820260149783,0.5776785714285714,0.897364771151179,0.7028788701792504,10147.0
UMAP,BuyCoupon,14,21,0.5668111943240047,0.573009791400596,0.9334257975034674,0.71010287523081,10147.0
UMAP,BuyCoupon,14,100,0.5672053606621994,0.574523396880416,0.9195561719833564,0.7072,10147.0
UMAP,BuyCoupon,17,9,0.5695703586913677,0.5753660637381568,0.926490984743412,0.7098831030818279,10147.0
UMAP,BuyCoupon,17,21,0.5672053606621994,0.5732538330494037,0.9334257975034674,0.7102902374670184,10147.0
UMAP,BuyCoupon,17,100,0.5660228616476153,0.5740338688666956,0.9167822468793344,0.706008010680908,10147.0
UMAP,BuyCoupon,20,9,0.5723295230587307,0.578255151249452,0.9147018030513177,0.7085683588503896,10147.0
UMAP,BuyCoupon,20,21,0.5672053606621994,0.5732538330494037,0.9334257975034674,0.7102902374670184,10147.0
UMAP,BuyCoupon,20,100,0.5660228616476153,0.5740338688666956,0.9167822468793344,0.706008010680908,10147.0
UMAP,BuyCoupon,23,9,0.5695703586913677,0.5758889852558543,0.9209431345353676,0.7086446104589115,10147.0
UMAP,BuyCoupon,23,21,0.5672053606621994,0.5732538330494037,0.9334257975034674,0.7102902374670184,10147.0
UMAP,BuyCoupon,23,100,0.5668111943240047,0.573009791400596,0.9334257975034674,0.71010287523081,10147.0
UMAP,BuyCoupon,26,9,0.5703586913677572,0.576721883173496,0.9174757281553398,0.7082441113490365,10147.0
UMAP,BuyCoupon,26,21,0.5668111943240047,0.572947681837516,0.934119278779473,0.7102557342472976,10147.0
UMAP,BuyCoupon,26,100,0.5660228616476153,0.5740338688666956,0.9167822468793344,0.706008010680908,10147.0
UMAP,BuyCoupon,29,9,0.5687820260149783,0.5753899480069324,0.9209431345353676,0.7082666666666667,10147.0
UMAP,BuyCoupon,29,21,0.5668111943240047,0.573009791400596,0.9334257975034674,0.71010287523081,10147.0
UMAP,BuyCoupon,29,100,0.5668111943240047,0.573009791400596,0.9334257975034674,0.71010287523081,10147.0
UMAP,DryBean,2,9,0.8964377524788836,0.8999399465849426,0.8964377524788836,0.8972132694353632,10888.0
UMAP,DryBean,2,22,0.906720528828498,0.9080461069012046,0.906720528828498,0.9070340176682066,10888.0
UMAP,DryBean,2,104,0.9078222548659568,0.9094282843594378,0.9078222548659568,0.9081667742062202,10888.0
UMAP,DryBean,4,9,0.91333088505325,0.91472688803192,0.91333088505325,0.913644516133328,10888.0
UMAP,DryBean,4,22,0.9177377892030848,0.919084181095124,0.9177377892030848,0.9180283308474204,10888.0
UMAP,DryBean,4,104,0.9155343371281676,0.917179534125974,0.9155343371281676,0.9158238069090716,10888.0
UMAP,DryBean,6,9,0.9118619170033052,0.9137089030346728,0.9118619170033052,0.912224555499006,10888.0
UMAP,DryBean,6,22,0.9173705471905986,0.9189031118216076,0.9173705471905986,0.9176394587157128,10888.0
UMAP,DryBean,6,104,0.9173705471905986,0.9189254712707392,0.9173705471905986,0.917617894980571,10888.0
UMAP,FakeWebsite,2,9,0.8453188602442334,0.8324607329842932,0.9041429731925263,0.866822429906542,8844.0
UMAP,FakeWebsite,2,20,0.8706467661691543,0.8819725141471302,0.8862713241267263,0.8841166936790924,8844.0
UMAP,FakeWebsite,2,94,0.7489823609226595,0.7308743169398907,0.8692120227457352,0.7940630797773653,8844.0
UMAP,FakeWebsite,4,9,0.877431026684758,0.8680981595092024,0.9195775792038992,0.8930966469428008,8844.0
UMAP,FakeWebsite,4,20,0.8394391677973767,0.8258928571428571,0.9017059301380992,0.8621359223300971,8844.0
UMAP,FakeWebsite,4,94,0.819538670284939,0.7865013774104683,0.9277010560519904,0.8512858740216176,8844.0
UMAP,FakeWebsite,6,9,0.8824061510628675,0.8790007806401249,0.9147034930950448,0.8964968152866242,8844.0
UMAP,FakeWebsite,6,20,0.8842152872003618,0.8752886836027713,0.9236393176279448,0.8988142292490119,8844.0
UMAP,FakeWebsite,6,94,0.8186341022161918,0.7759308510638298,0.9480097481722176,0.8533820840950639,8844.0
UMAP,FakeWebsite,8,9,0.885119855269109,0.8795648795648796,0.9195775792038992,0.8991262907069103,8844.0
UMAP,FakeWebsite,8,20,0.8760741745816373,0.8752941176470588,0.9065800162469536,0.8906624102154829,8844.0
UMAP,FakeWebsite,8,94,0.7752148349163275,0.7288029925187033,0.949634443541836,0.8246913580246914,8844.0
UMAP,FakeWebsite,10,9,0.8891904115784712,0.8863636363636364,0.9187652315190902,0.9022736338252892,8844.0
UMAP,FakeWebsite,10,20,0.8738127544097694,0.8820224719101124,0.892770105605199,0.887363746467501,8844.0
UMAP,FakeWebsite,10,94,0.7856173677069199,0.7394054395951929,0.949634443541836,0.8314366998577525,8844.0
UMAP,FakeWebsite,12,9,0.8919041157847128,0.8821263482280431,0.9301380991064176,0.9054962435745352,8844.0
UMAP,FakeWebsite,12,20,0.8692899140660335,0.8714511041009464,0.8976441917140536,0.8843537414965985,8844.0
UMAP,FakeWebsite,12,94,0.8362731795567616,0.8006920415224914,0.9398862713241268,0.8647234678624813,8844.0
UMAP,FakeWebsite,14,9,0.8959746720940751,0.8858905165767155,0.933387489845654,0.909018987341772,8844.0
UMAP,FakeWebsite,14,20,0.8656716417910447,0.8700475435816165,0.8919577579203899,0.8808664259927798,8844.0
UMAP,FakeWebsite,14,94,0.7847127996381728,0.7384712571067593,0.949634443541836,0.8308457711442785,8844.0
UMAP,Glass,2,5,0.5813953488372093,0.6746882372767105,0.5813953488372093,0.5227052102078481,171.0
UMAP,Glass,2,13,0.5348837209302325,0.6228329809725158,0.5348837209302325,0.4772751901861765,171.0
UMAP,Grade,2,6,0.8,0.8133455086580088,0.8,0.8028573019168849,800.0
UMAP,Grade,2,9,0.865,0.8704549199084668,0.865,0.8649495569654778,800.0
UMAP,Grade,2,28,0.89,0.8975757575757575,0.89,0.8903833839918947,800.0
UMAP,Heart,2,6,0.6956521739130435,0.6825396825396826,0.8431372549019608,0.7543859649122807,734.0
UMAP,Heart,2,9,0.6739130434782609,0.6875,0.7549019607843137,0.7196261682242991,734.0
UMAP,Heart,2,27,0.6684782608695652,0.6752136752136753,0.7745098039215687,0.7214611872146119,734.0
UMAP,Heart,4,6,0.7010869565217391,0.688,0.8431372549019608,0.7577092511013216,734.0
UMAP,Heart,4,9,0.6739130434782609,0.6810344827586207,0.7745098039215687,0.724770642201835,734.0
UMAP,Heart,4,27,0.6684782608695652,0.6694214876033058,0.7941176470588235,0.7264573991031389,734.0
UMAP,Heart,6,6,0.7010869565217391,0.6821705426356589,0.8627450980392157,0.761904761904762,734.0
UMAP,Heart,6,9,0.6902173913043478,0.6890756302521008,0.803921568627451,0.7420814479638008,734.0
UMAP,Heart,6,27,0.6847826086956522,0.6864406779661016,0.7941176470588235,0.7363636363636364,734.0
UMAP,Heart,8,6,0.6739130434782609,0.6666666666666666,0.8235294117647058,0.7368421052631577,734.0
UMAP,Heart,8,9,0.6793478260869565,0.6837606837606838,0.7843137254901961,0.7305936073059361,734.0
UMAP,Heart,8,27,0.6684782608695652,0.6694214876033058,0.7941176470588235,0.7264573991031389,734.0
UMAP,Parkinsons,2,5,0.8205128205128205,0.8055555555555556,1.0,0.8923076923076924,156.0
UMAP,Parkinsons,2,12,0.8205128205128205,0.8055555555555556,1.0,0.8923076923076924,156.0
UMAP,Parkinsons,4,5,0.8205128205128205,0.8055555555555556,1.0,0.8923076923076924,156.0
UMAP,Parkinsons,4,12,0.8205128205128205,0.8055555555555556,1.0,0.8923076923076924,156.0
UMAP,Parkinsons,6,5,0.7948717948717948,0.8,0.9655172413793104,0.8750000000000001,156.0
UMAP,Parkinsons,6,12,0.8205128205128205,0.8055555555555556,1.0,0.8923076923076924,156.0
UMAP,Parkinsons,8,5,0.8205128205128205,0.8055555555555556,1.0,0.8923076923076924,156.0
UMAP,Parkinsons,8,12,0.8205128205128205,0.8055555555555556,1.0,0.8923076923076924,156.0
UMAP,Parkinsons,10,5,0.8205128205128205,0.8055555555555556,1.0,0.8923076923076924,156.0
UMAP,Parkinsons,10,12,0.8205128205128205,0.8055555555555556,1.0,0.8923076923076924,156.0
UMAP,StayHospital,2,8,0.2955,0.79182025,0.2955,0.1348054805094558,7999.0
UMAP,StayHospital,2,19,0.2955,0.79182025,0.2955,0.1348054805094558,7999.0
UMAP,StayHospital,2,89,0.2955,0.79182025,0.2955,0.1348054805094558,7999.0
UMAP,StayHospital,4,8,0.2955,0.79182025,0.2955,0.1348054805094558,7999.0
UMAP,StayHospital,4,19,0.2955,0.79182025,0.2955,0.1348054805094558,7999.0
UMAP,StayHospital,4,89,0.2955,0.79182025,0.2955,0.1348054805094558,7999.0
UMAP,StayHospital,6,8,0.2955,0.79182025,0.2955,0.1348054805094558,7999.0
UMAP,StayHospital,6,19,0.2955,0.79182025,0.2955,0.1348054805094558,7999.0
UMAP,StayHospital,6,89,0.2955,0.79182025,0.2955,0.1348054805094558,7999.0
UMAP,StayHospital,8,8,0.2955,0.79182025,0.2955,0.1348054805094558,7999.0
UMAP,StayHospital,8,19,0.2955,0.79182025,0.2955,0.1348054805094558,7999.0
UMAP,StayHospital,8,89,0.2955,0.79182025,0.2955,0.1348054805094558,7999.0
UMAP,StayHospital,10,8,0.2955,0.79182025,0.2955,0.1348054805094558,7999.0
UMAP,StayHospital,10,19,0.2955,0.79182025,0.2955,0.1348054805094558,7999.0
UMAP,StayHospital,10,89,0.2955,0.79182025,0.2955,0.1348054805094558,7999.0
UMAP,StayHospital,12,8,0.2955,0.79182025,0.2955,0.1348054805094558,7999.0
UMAP,StayHospital,12,19,0.2955,0.79182025,0.2955,0.1348054805094558,7999.0
UMAP,StayHospital,12,89,0.2955,0.79182025,0.2955,0.1348054805094558,7999.0
UMAP,StayHospital,14,8,0.2955,0.79182025,0.2955,0.1348054805094558,7999.0
UMAP,StayHospital,14,19,0.2955,0.79182025,0.2955,0.1348054805094558,7999.0
UMAP,StayHospital,14,89,0.2955,0.79182025,0.2955,0.1348054805094558,7999.0
UMAP,StayHospital,16,8,0.2955,0.79182025,0.2955,0.1348054805094558,7999.0
UMAP,StayHospital,16,19,0.2955,0.79182025,0.2955,0.1348054805094558,7999.0
UMAP,StayHospital,16,89,0.2955,0.79182025,0.2955,0.1348054805094558,7999.0
UMAP,StayHospital,18,8,0.2955,0.79182025,0.2955,0.1348054805094558,7999.0
UMAP,StayHospital,18,19,0.2955,0.79182025,0.2955,0.1348054805094558,7999.0
UMAP,StayHospital,18,89,0.2955,0.79182025,0.2955,0.1348054805094558,7999.0
UMAP,StayHospital,20,8,0.2955,0.79182025,0.2955,0.1348054805094558,7999.0
UMAP,StayHospital,20,19,0.2955,0.79182025,0.2955,0.1348054805094558,7999.0
UMAP,StayHospital,20,89,0.2955,0.79182025,0.2955,0.1348054805094558,7999.0
UMAP,StayHospital,22,8,0.2955,0.79182025,0.2955,0.1348054805094558,7999.0
UMAP,StayHospital,22,19,0.2955,0.79182025,0.2955,0.1348054805094558,7999.0
UMAP,StayHospital,22,89,0.2955,0.79182025,0.2955,0.1348054805094558,7999.0
UMAP,StayHospital,24,8,0.2955,0.79182025,0.2955,0.1348054805094558,7999.0
UMAP,StayHospital,24,19,0.2955,0.79182025,0.2955,0.1348054805094558,7999.0
UMAP,StayHospital,24,89,0.2955,0.79182025,0.2955,0.1348054805094558,7999.0
UMAP,Zoo,2,4,0.7142857142857143,0.8119047619047619,0.7142857142857143,0.6938775510204082,80.0
UMAP,Zoo,2,8,0.7142857142857143,0.8714285714285714,0.7142857142857143,0.6666666666666666,80.0
UMAP,Zoo,4,4,0.7142857142857143,0.8595238095238096,0.7142857142857143,0.6938775510204082,80.0
UMAP,Zoo,4,8,0.7142857142857143,0.8714285714285714,0.7142857142857143,0.6666666666666666,80.0
UMAP,Zoo,6,4,0.7142857142857143,0.8436507936507938,0.7142857142857143,0.65578231292517,80.0
UMAP,Zoo,6,8,0.7142857142857143,0.8714285714285714,0.7142857142857143,0.6666666666666666,80.0
PCA,AcademicSuccess,2,,0.6632768361581921,0.7347228966701628,0.6632768361581921,0.5916958017180788,3539.0
PCA,AcademicSuccess,4,,0.688135593220339,0.6451742568067278,0.688135593220339,0.6201019392738817,3539.0
PCA,AcademicSuccess,6,,0.7186440677966102,0.6995144563345898,0.7186440677966102,0.6801047043600175,3539.0
PCA,AcademicSuccess,8,,0.7129943502824859,0.6874847648898461,0.7129943502824859,0.6778741296651656,3539.0
PCA,AcademicSuccess,10,,0.7175141242937854,0.6942984531715364,0.7175141242937854,0.6903904314853734,3539.0
PCA,AcademicSuccess,12,,0.7231638418079096,0.701122134335739,0.7231638418079096,0.693829695538,3539.0
PCA,AcademicSuccess,14,,0.7254237288135593,0.7070650214294656,0.7254237288135593,0.7050209488478177,3539.0
PCA,AcademicSuccess,16,,0.7344632768361582,0.7169102505339165,0.7344632768361582,0.7153861336195151,3539.0
PCA,BuyCoupon,2,,0.5648403626330312,0.5672235481304694,0.9889042995839112,0.7209302325581396,10147.0
PCA,BuyCoupon,5,,0.5841545132045723,0.5869662921348314,0.9056865464632456,0.7122988819198255,10147.0
PCA,BuyCoupon,8,,0.5884903429247142,0.5901268115942029,0.9036061026352288,0.713972602739726,10147.0
PCA,BuyCoupon,11,,0.5983445013795822,0.5959183673469388,0.91123439667129,0.7205922676172196,10147.0
PCA,BuyCoupon,14,,0.6235711470240441,0.6178035800677311,0.8855755894590847,0.7278426902251355,10147.0
PCA,BuyCoupon,17,,0.627906976744186,0.6248746238716149,0.8640776699029126,0.7252619324796276,10147.0
PCA,BuyCoupon,20,,0.6499802916830902,0.6408952187182095,0.8737864077669902,0.73943661971831,10147.0
PCA,BuyCoupon,23,,0.6535277887268427,0.647151071615264,0.8585298196948682,0.7380029806259313,10147.0
PCA,BuyCoupon,26,,0.6653527788726843,0.6581333333333333,0.855755894590846,0.7440458245402473,10147.0
PCA,BuyCoupon,29,,0.6665352778872684,0.6617806731813246,0.8453536754507628,0.7423873325213154,10147.0
PCA,DryBean,2,,0.8813808299669482,0.8843244259056775,0.8813808299669482,0.8789536856737367,10888.0
PCA,DryBean,4,,0.8993756885787734,0.9005470549775895,0.8993756885787734,0.8990481345643544,10888.0
PCA,DryBean,6,,0.9302240176276166,0.9309364266339312,0.9302240176276166,0.9304224615446598,10888.0
PCA,FakeWebsite,2,,0.8977838082315694,0.9023218574859888,0.9155158407798538,0.9088709677419357,8844.0
PCA,FakeWebsite,4,,0.8986883763003166,0.9123669123669124,0.9049553208773355,0.9086460032626428,8844.0
PCA,FakeWebsite,6,,0.911352329262777,0.9136690647482014,0.9285134037367994,0.9210314262691376,8844.0
PCA,FakeWebsite,8,,0.9312528267752148,0.9298804780876494,0.9480097481722176,0.9388576025744167,8844.0
PCA,FakeWebsite,10,,0.9402985074626866,0.9357652656621728,0.958570268074736,0.9470304975922954,8844.0
PCA,FakeWebsite,12,,0.939846223428313,0.933649289099526,0.9601949634443542,0.94673608329996,8844.0
PCA,FakeWebsite,14,,0.9466304839439168,0.9364705882352942,0.9699431356620634,0.9529130087789306,8844.0
PCA,Glass,2,,0.6976744186046512,0.7586831772878284,0.6976744186046512,0.6410941815913748,171.0
PCA,Grade,2,,0.975,0.9757602150537634,0.975,0.974836880818729,800.0
PCA,Heart,2,,0.7065217391304348,0.7105263157894737,0.7941176470588235,0.7499999999999999,734.0
PCA,Heart,4,,0.7336956521739131,0.7345132743362832,0.8137254901960784,0.772093023255814,734.0
PCA,Heart,6,,0.7336956521739131,0.7345132743362832,0.8137254901960784,0.772093023255814,734.0
PCA,Heart,8,,0.7336956521739131,0.7345132743362832,0.8137254901960784,0.772093023255814,734.0
PCA,Parkinsons,2,,0.7948717948717948,0.8,0.9655172413793104,0.8750000000000001,156.0
PCA,Parkinsons,4,,0.7948717948717948,0.8,0.9655172413793104,0.8750000000000001,156.0
PCA,Parkinsons,6,,0.7948717948717948,0.8181818181818182,0.9310344827586208,0.8709677419354839,156.0
PCA,Parkinsons,8,,0.8461538461538461,0.8285714285714286,1.0,0.90625,156.0
PCA,Parkinsons,10,,0.8461538461538461,0.8285714285714286,1.0,0.90625,156.0
PCA,StayHospital,2,,0.2955,0.79182025,0.2955,0.1348054805094558,7999.0
PCA,StayHospital,4,,0.2955,0.79182025,0.2955,0.1348054805094558,7999.0
PCA,StayHospital,6,,0.2955,0.79182025,0.2955,0.1348054805094558,7999.0
PCA,StayHospital,8,,0.2955,0.79182025,0.2955,0.1348054805094558,7999.0
PCA,StayHospital,10,,0.2955,0.79182025,0.2955,0.1348054805094558,7999.0
PCA,StayHospital,12,,0.2955,0.79182025,0.2955,0.1348054805094558,7999.0
PCA,StayHospital,14,,0.2955,0.79182025,0.2955,0.1348054805094558,7999.0
PCA,StayHospital,16,,0.2955,0.79182025,0.2955,0.1348054805094558,7999.0
PCA,StayHospital,18,,0.2955,0.79182025,0.2955,0.1348054805094558,7999.0
PCA,StayHospital,20,,0.2955,0.79182025,0.2955,0.1348054805094558,7999.0
PCA,StayHospital,22,,0.2955,0.79182025,0.2955,0.1348054805094558,7999.0
PCA,StayHospital,24,,0.2955,0.79182025,0.2955,0.1348054805094558,7999.0
PCA,Zoo,2,,0.9047619047619048,0.9325396825396824,0.9047619047619048,0.8811791383219953,80.0
PCA,Zoo,4,,0.9523809523809524,0.9642857142857144,0.9523809523809524,0.9319727891156462,80.0
PCA,Zoo,6,,0.9523809523809524,0.9642857142857144,0.9523809523809524,0.9319727891156462,80.0
SVD,AcademicSuccess,2,,0.6677966101694915,0.7391272845916284,0.6677966101694915,0.5962875975926383,3539.0
SVD,AcademicSuccess,4,,0.6824858757062147,0.6616507936507936,0.6824858757062147,0.6134142426069646,3539.0
SVD,AcademicSuccess,6,,0.7073446327683616,0.6887525306512176,0.7073446327683616,0.6545253462397015,3539.0
SVD,AcademicSuccess,8,,0.7175141242937854,0.697224529670815,0.7175141242937854,0.6810861794676148,3539.0
SVD,AcademicSuccess,10,,0.7028248587570621,0.673926655233751,0.7028248587570621,0.666434563674536,3539.0
SVD,AcademicSuccess,12,,0.7141242937853107,0.6896619678488788,0.7141242937853107,0.6853982715883968,3539.0
SVD,AcademicSuccess,14,,0.7265536723163842,0.7060363369469033,0.7265536723163842,0.7037591055091045,3539.0
SVD,AcademicSuccess,16,,0.7446327683615819,0.7325957888170025,0.7446327683615819,0.7280407461446319,3539.0
SVD,BuyCoupon,2,,0.5683878596767836,0.5683878596767836,1.0,0.7248052274440815,10147.0
SVD,BuyCoupon,5,,0.5683878596767836,0.5683878596767836,1.0,0.7248052274440815,10147.0
SVD,BuyCoupon,8,,0.5683878596767836,0.5683878596767836,1.0,0.7248052274440815,10147.0
SVD,BuyCoupon,11,,0.5683878596767836,0.5683878596767836,1.0,0.7248052274440815,10147.0
SVD,BuyCoupon,14,,0.5683878596767836,0.5683878596767836,1.0,0.7248052274440815,10147.0
SVD,BuyCoupon,17,,0.5683878596767836,0.5683878596767836,1.0,0.7248052274440815,10147.0
SVD,BuyCoupon,20,,0.5683878596767836,0.5683878596767836,1.0,0.7248052274440815,10147.0
SVD,BuyCoupon,23,,0.5683878596767836,0.5683878596767836,1.0,0.7248052274440815,10147.0
SVD,BuyCoupon,26,,0.5683878596767836,0.5683878596767836,1.0,0.7248052274440815,10147.0
SVD,BuyCoupon,29,,0.5683878596767836,0.5683878596767836,1.0,0.7248052274440815,10147.0
SVD,DryBean,2,,0.8813808299669482,0.8843244259056775,0.8813808299669482,0.8789536856737367,10888.0
SVD,DryBean,4,,0.8993756885787734,0.9005470549775895,0.8993756885787734,0.8990481345643544,10888.0
SVD,DryBean,6,,0.9302240176276166,0.9309364266339312,0.9302240176276166,0.9304224615446598,10888.0
SVD,FakeWebsite,2,,0.8941655359565808,0.8928289992119779,0.9203899268887084,0.9064,8844.0
SVD,FakeWebsite,4,,0.8937132519222072,0.9068627450980392,0.9017059301380992,0.9042769857433808,8844.0
SVD,FakeWebsite,6,,0.901402080506558,0.9094583670169766,0.9138911454102356,0.9116693679092382,8844.0
SVD,FakeWebsite,8,,0.9199457259158752,0.9222756410256412,0.9350121852152722,0.9286002420330778,8844.0
SVD,FakeWebsite,10,,0.926729986431479,0.916601714731099,0.9553208773354996,0.935560859188544,8844.0
SVD,FakeWebsite,12,,0.9294436906377204,0.9209083790133124,0.9553208773354996,0.937799043062201,8844.0
SVD,FakeWebsite,14,,0.9303482587064676,0.9230164964650432,0.9545085296506904,0.9384984025559104,8844.0
SVD,Glass,2,,0.6976744186046512,0.7586831772878284,0.6976744186046512,0.6410941815913748,171.0
SVD,Grade,2,,0.955,0.958094887439512,0.955,0.9548696167631652,800.0
SVD,Heart,2,,0.6195652173913043,0.6777777777777778,0.5980392156862745,0.6354166666666667,734.0
SVD,Heart,4,,0.7065217391304348,0.7142857142857143,0.7843137254901961,0.7476635514018691,734.0
SVD,Heart,6,,0.7119565217391305,0.7207207207207207,0.7843137254901961,0.7511737089201878,734.0
SVD,Heart,8,,0.7119565217391305,0.7207207207207207,0.7843137254901961,0.7511737089201878,734.0
SVD,Parkinsons,2,,0.7948717948717948,0.8,0.9655172413793104,0.8750000000000001,156.0
SVD,Parkinsons,4,,0.7948717948717948,0.8,0.9655172413793104,0.8750000000000001,156.0
SVD,Parkinsons,6,,0.7948717948717948,0.8181818181818182,0.9310344827586208,0.8709677419354839,156.0
SVD,Parkinsons,8,,0.8461538461538461,0.8285714285714286,1.0,0.90625,156.0
SVD,Parkinsons,10,,0.8461538461538461,0.8285714285714286,1.0,0.90625,156.0
SVD,StayHospital,2,,0.2955,0.79182025,0.2955,0.1348054805094558,7999.0
SVD,StayHospital,4,,0.2955,0.79182025,0.2955,0.1348054805094558,7999.0
SVD,StayHospital,6,,0.2955,0.79182025,0.2955,0.1348054805094558,7999.0
SVD,StayHospital,8,,0.2955,0.79182025,0.2955,0.1348054805094558,7999.0
SVD,StayHospital,10,,0.2955,0.79182025,0.2955,0.1348054805094558,7999.0
SVD,StayHospital,12,,0.2955,0.79182025,0.2955,0.1348054805094558,7999.0
SVD,StayHospital,14,,0.2955,0.79182025,0.2955,0.1348054805094558,7999.0
SVD,StayHospital,16,,0.2955,0.79182025,0.2955,0.1348054805094558,7999.0
SVD,StayHospital,18,,0.2955,0.79182025,0.2955,0.1348054805094558,7999.0
SVD,StayHospital,20,,0.2955,0.79182025,0.2955,0.1348054805094558,7999.0
SVD,StayHospital,22,,0.2955,0.79182025,0.2955,0.1348054805094558,7999.0
SVD,StayHospital,24,,0.2955,0.79182025,0.2955,0.1348054805094558,7999.0
SVD,Zoo,2,,0.7142857142857143,0.7987528344671203,0.7142857142857143,0.6430839002267573,80.0
SVD,Zoo,4,,0.9047619047619048,0.9166666666666666,0.9047619047619048,0.8843537414965985,80.0
SVD,Zoo,6,,0.9523809523809524,0.9642857142857144,0.9523809523809524,0.9319727891156462,80.0
