"X","Y","RH","FFMC","DMC","DC","ISI","temp","wind","rain","month_1_catboost","day","area"
-1.5797039346044384,-1.8512404721846674,-0.31999794573403756,0.10072443164442342,0.4907368443180513,0.20702615401777352,0.3136565621623121,0.1037391504680387,1.2502240170809307,-0.08203140646264019,14.899055690072638,11.275873783000847,0
0.12707886458884635,-0.22104363846981115,1.6226262393008917,-0.007395621036920702,0.8822221057722054,0.8235698129377773,-0.4440148292240888,0.3742633439537537,1.968594388196889,4.152839952171159,7.449527845036319,6.452944629818965,2.17
1.4071659639838099,1.4091531952450451,-1.2306030324691606,0.1818144711554296,-1.212623517764105,-1.9158086927663127,-0.2924805509468086,-0.25132385348196223,0.7528906832314212,-0.08203140646264019,14.899055690072638,6.452944629818965,0
-0.726312535007796,-0.22104363846981115,2.5939383318183564,0.10072443164442342,0.4907368443180513,0.20702615401777352,0.3136565621623121,-1.2319740548676783,0.2555573493819112,-0.08203140646264019,5.689685230024213,11.275873783000847,0
-1.5797039346044384,-1.0361420553272391,-0.6235329746457453,1.019744879435833,1.76905606539284,0.6033756490377761,1.0280324454694902,1.2365592106894694,0.9739277204978696,-0.08203140646264019,4.2672639225181594,18.57022332592398,0
-0.2996168352094748,-0.22104363846981115,-1.4127240498161853,0.5061746291994581,0.34532803292079417,0.6074533187396279,0.010588005607751663,1.2703747348751835,0.2555573493819112,-0.08203140646264019,14.899055690072638,12.384921147817483,88.49
0.9804702641854887,0.5940547783876169,1.2583842046068425,1.3711350506501958,1.1091237675129801,0.4916474992070347,1.1146234616279362,0.4588021544180396,0.4765943866483602,2.337895084185245,3.4138111380145277,15.427682764590774,0
0.5537745643871675,0.5940547783876169,-1.0484820151221361,0.4791446160291202,0.1168284721536755,0.9495698067250001,-0.3574238130656429,0.4588021544180396,-1.0154056149001691,-0.08203140646264019,51.69452784503632,18.57022332592398,0
-0.2996168352094748,-1.0361420553272391,0.044244088960011675,0.1818144711554296,0.04172721791553162,0.4512785691587008,-0.6171968615409804,-0.2175083292962474,-0.2417759844675985,-0.08203140646264019,2.8448426150121064,18.57022332592398,0
-1.1530082348061172,-0.22104363846981115,1.56191923351855,0.3169645370071078,-0.3209958610644397,-0.19176994282333973,0.09717902176619755,0.3066322955823247,-1.0154056149001691,-0.08203140646264019,2.438436527153234,12.384921147817483,0.75
0.9804702641854887,-0.22104363846981115,-0.7449469862104283,0.15478445798509163,-0.11966058374516036,-0.30879906326648876,-0.03270750247147109,0.8984039688323258,-1.236442652166618,-0.08203140646264019,14.899055690072638,29.866405122863686,0
0.5537745643871675,0.5940547783876169,-1.0484820151221361,0.4250845896884481,0.059304107205310104,0.9234727206331482,-0.07600301055069385,0.9153117309251833,0.4765943866483602,-0.08203140646264019,34.463018563357544,12.384921147817483,0
0.5537745643871675,-1.0361420553272391,-0.13787692838701296,-1.872466529790082,-1.6680247402719983,-2.0299834444181655,-1.3965160069669926,-0.7078334299891058,-0.7391093183171081,-0.08203140646264019,14.899055690072638,6.452944629818965,0
-0.2996168352094748,-0.22104363846981115,-1.4127240498161853,-1.5210763585757154,-1.3788050165038273,-0.8193233099383436,-1.4181637610066042,-2.4155174013676803,2.465927722046399,-0.08203140646264019,14.899055690072638,9.943595748157046,17.85
0.9804702641854887,-0.22104363846981115,1.197677198824501,-0.764235989806318,-0.9026311066534685,0.740793117990184,0.5301341025584266,-0.62329461952482,-0.5180722810506595,-0.08203140646264019,25.84726392251816,6.452944629818965,0.52
1.833861663782131,0.5940547783876169,-0.6235329746457453,0.6142946818807984,-0.9937113511550473,-1.031362134434641,1.0496801995091016,1.5408989283608985,0.2555573493819112,-0.08203140646264019,14.899055690072638,12.384921147817483,8.16
-0.726312535007796,-0.22104363846981115,-0.5628259688634037,-1.1156261610206808,-1.6792100334564029,-2.1690319812513144,-1.2882772367689355,-1.705391393467679,-0.5180722810506595,-0.08203140646264019,7.449527845036319,12.384921147817483,1.1
1.4071659639838099,1.4091531952450451,-1.1698960266868192,0.7224147345621426,-0.49197105688319254,0.548734875032961,1.893942607053948,0.81386515836804,0.2555573493819112,-0.08203140646264019,20.781811138014525,18.57022332592398,1.12
-1.5797039346044384,-1.8512404721846674,0.044244088960011675,0.1818144711554296,0.04172721791553162,0.4512785691587008,-0.6171968615409804,0.2220934851180388,-0.2417759844675985,-0.08203140646264019,2.2273819612590797,18.57022332592398,0
-1.5797039346044384,-0.22104363846981115,0.5906071410010856,0.2899345238367699,-0.38331392309183554,0.6951232173294433,0.07553126772658618,-0.1329695188319615,-0.5180722810506595,-0.08203140646264019,17.504842615012105,9.943595748157046,2.13
0.5537745643871675,-1.0361420553272391,-0.7449469862104283,0.20884448432576372,-0.5303206335154363,0.708171760375369,0.010588005607751663,0.39117110604661054,-0.7391093183171081,-0.08203140646264019,15.308436527153233,9.943595748157046,0
-0.2996168352094748,-1.0361420553272391,0.044244088960011675,0.7224147345621426,-0.16599965550912155,-0.5187990529118603,1.2012144777863816,1.2196514485966126,-0.020738947201149764,-0.08203140646264019,7.449527845036319,11.275873783000847,7.36
0.5537745643871675,0.5940547783876169,-1.2306030324691606,-1.5210763585757154,-1.3788050165038273,-0.8193233099383436,-1.4181637610066042,-2.3309785909033947,2.465927722046399,-0.08203140646264019,16.374527845036322,15.427682764590774,24.77
0.9804702641854887,-1.0361420553272391,0.10495109474235322,-0.9264160688283343,-0.950568077443773,-1.8220222896237197,-0.8986176640559292,-1.3334206274248213,0.9739277204978696,-0.08203140646264019,7.449527845036319,9.943595748157046,27.35
0.9804702641854887,-0.22104363846981115,0.044244088960011675,0.1818144711554296,-1.0096903414184821,0.5931814747831463,0.42189533236036936,-0.3527704260391049,0.2555573493819112,-0.08203140646264019,14.899055690072638,9.943595748157046,6.83
-1.1530082348061172,0.5940547783876169,0.10495109474235322,-0.007395621036920702,0.2846078699197415,0.5789096308266648,-0.4656625832637002,-0.2175083292962474,-0.5180722810506595,-0.08203140646264019,13.39488196125908,15.427682764590774,7.04
-1.5797039346044384,-1.8512404721846674,1.319091210389184,-0.25066573956994304,-0.05894042074410795,-0.08493499663482088,0.7249638889149298,-0.7078334299891058,-0.7391093183171081,-0.08203140646264019,1.9798950766747376,6.452944629818965,0
0.5537745643871675,1.4091531952450451,-0.13787692838701296,1.3981650638205336,1.019641422037745,0.4533174040096267,1.6558173126182225,0.8476806825537542,-1.0154056149001691,-0.08203140646264019,1.7819055690072638,9.943595748157046,0
-0.2996168352094748,-1.0361420553272391,-0.13787692838701296,0.2899345238367699,-0.007807651901116353,0.42191934730536756,0.09717902176619755,0.25590900930375304,0.4765943866483602,-0.08203140646264019,1.619914153642967,12.384921147817483,0
-0.2996168352094748,-0.22104363846981115,-0.5628259688634037,0.2899345238367699,-0.2027513331150217,0.7938028241142583,0.09717902176619755,0.32354005767518207,0.4765943866483602,-0.08203140646264019,12.688783965563626,6.452944629818965,13.06
-0.726312535007796,-0.22104363846981115,-0.5628259688634037,0.6413246950511363,-1.5082348376376498,-2.1298863521135365,0.16212228388503208,-1.6884836313748217,2.1896314254633378,-0.08203140646264019,14.083018563357546,12.384921147817483,0
-0.2996168352094748,0.5940547783876169,-0.3807049515163791,0.01963439213341341,0.3293490426573593,1.066191160197964,0.7249638889149298,-0.5049402848748196,0.7528906832314212,-0.08203140646264019,12.725905569007264,15.427682764590774,1.75
1.4071659639838099,0.5940547783876169,-0.5021189630810622,0.5602346555401263,0.7288237992432308,0.4732979855487013,0.9414414293110444,0.8645884446466116,-0.5180722810506595,-0.08203140646264019,1.4849213075060532,12.384921147817483,0.24
1.4071659639838099,1.4091531952450451,-1.0484820151221361,-0.5750258976139677,2.419400969114639,1.0001329110279633,-0.8553221559767064,1.7606998355680419,-0.2417759844675985,-0.08203140646264019,7.419685230024213,11.275873783000847,6.3
0.5537745643871675,1.4091531952450451,-0.8663609977751114,1.3441050374798618,0.8358830340082442,0.37665721361481164,1.0496801995091016,2.0143162669608996,0.4765943866483602,-0.08203140646264019,1.3891581300055877,29.866405122863686,8.59
0.5537745643871675,0.5940547783876169,-1.0484820151221361,0.398054576518114,0.15038435170688863,0.5046960422529605,-0.11929851862991699,1.0505738276680407,-0.020738947201149764,-0.08203140646264019,11.728095971824775,29.866405122863686,1090.84
-1.1530082348061172,-0.22104363846981115,-0.927068003557453,0.398054576518114,0.15038435170688863,0.5046960422529605,-0.11929851862991699,0.881496206739469,0.2555573493819112,-0.08203140646264019,101.6540879741727,29.866405122863686,0
-1.5797039346044384,-1.8512404721846674,-0.25929093995169605,-0.007395621036920702,0.2846078699197415,0.5789096308266648,-0.4656625832637002,-0.014615184181961413,-1.0154056149001691,-0.08203140646264019,93.83454274539018,15.427682764590774,212.88
0.5537745643871675,0.5940547783876169,0.6513141467834271,0.8845948135841549,0.31976164849929806,0.2302688713183294,2.9330348009552982,0.08683138837518128,-0.020738947201149764,-0.08203140646264019,1.903503977862331,15.427682764590774,0.17
-0.2996168352094748,0.5940547783876169,1.0762631872598178,-1.6291964112570596,-1.6408604568241592,-2.013264998640573,-1.223333974650101,-1.4855904862605358,-1.236442652166618,-0.08203140646264019,5.333018563357546,11.275873783000847,51.78
-1.5797039346044384,-1.8512404721846674,0.40848612365406095,1.019744879435833,-0.054146723665077535,0.39337565939240443,1.6991128206974453,-0.04843070836767564,0.2555573493819112,-0.08203140646264019,1.7879370460048425,15.427682764590774,0
-1.1530082348061172,0.5940547783876169,0.529900135218744,0.7224147345621426,1.9080732806847231,0.670657199118332,-0.16259402670913975,0.7969573962751831,-0.020738947201149764,-0.08203140646264019,1.6761909806295399,29.866405122863686,6.43
-0.2996168352094748,-1.0361420553272391,-0.5628259688634037,0.5332046423697923,-0.1260521798505344,-0.9538864100994554,0.35695207024153525,1.2703747348751835,-0.7391093183171081,-0.08203140646264019,11.52952784503632,18.57022332592398,10.08
-0.2996168352094748,-1.0361420553272391,0.529900135218744,0.23587449749610165,0.00018184323060107678,0.8957445666605552,-0.5739013534617574,-0.5049402848748196,-1.0154056149001691,-0.08203140646264019,102.33778969214802,15.427682764590774,2.93
0.5537745643871675,0.5940547783876169,-1.1091890209044777,1.3711350506501958,1.1091237675129801,0.4916474992070347,1.1146234616279362,2.4370103192823285,-0.7391093183171081,-0.08203140646264019,1.9558268052983905,15.427682764590774,40.54
-0.2996168352094748,-1.0361420553272391,-0.016462916822329865,0.8575648004138208,0.0880662896794928,0.12424945907018063,0.400247578320758,0.4249866302323248,-0.7391093183171081,-0.08203140646264019,4.099391982781814,29.866405122863686,0.68
0.9804702641854887,0.5940547783876169,-0.4414119572987207,-0.007395621036920702,0.2846078699197415,0.5789096308266648,-0.4656625832637002,0.3066322955823247,-1.0154056149001691,-0.08203140646264019,95.71060371267149,15.427682764590774,17.2
-1.1530082348061172,-1.8512404721846674,-0.07716992260467141,0.12775444481475753,0.29419526407780233,1.0458028116887046,-0.3574238130656429,-0.3527704260391049,-0.5180722810506595,-0.08203140646264019,90.80369098062953,9.943595748157046,5.83
0.5537745643871675,-1.0361420553272391,-0.31999794573403756,0.1818144711554296,-0.5766597052793975,0.6837057421642577,-0.2924805509468086,-0.2006005672033906,-0.2417759844675985,-0.08203140646264019,85.80523857000425,11.275873783000847,0
1.4071659639838099,1.4091531952450451,1.3797982161715256,0.34399455017744196,-0.3657370338020573,-0.4474398331294525,-0.14094627266952836,-0.30204713976053327,-0.2417759844675985,-0.08203140646264019,7.13976392251816,15.427682764590774,6.57
1.4071659639838099,1.4091531952450451,-0.1985839341693545,-0.08848566054792688,1.3168506409376333,0.37665721361481164,-0.5089580913429231,0.408078868139468,-0.2417759844675985,-0.08203140646264019,3.9194239836880334,18.57022332592398,0
-1.5797039346044384,-1.8512404721846674,1.7440402508655748,-0.007395621036920702,0.8822221057722054,0.8235698129377773,-0.4440148292240888,-0.06533847046053307,2.465927722046399,-0.08203140646264019,3.723452784503632,6.452944629818965,0
1.4071659639838099,1.4091531952450451,0.10495109474235322,0.01963439213341341,-0.32578955814347016,0.7644436022609251,-0.42236707518447725,0.3066322955823247,-0.7391093183171081,-0.08203140646264019,81.03828087167068,6.452944629818965,30.18
-0.2996168352094748,-0.22104363846981115,0.529900135218744,0.2899345238367699,-0.2027513331150217,0.7938028241142583,0.09717902176619755,-0.5894790953391055,1.2502240170809307,-0.08203140646264019,78.36152924684592,6.452944629818965,7.31
-0.2996168352094748,0.5940547783876169,0.10495109474235322,-1.7102864507680657,-1.653643649034907,-2.0210125710740914,-1.3532204988877699,-0.7923722404533917,-0.020738947201149764,-0.08203140646264019,16.94476392251816,29.866405122863686,0
0.9804702641854887,0.5940547783876169,1.1369701930421594,1.3711350506501958,1.1091237675129801,0.4916474992070347,1.1146234616279362,1.4225445937108985,0.4765943866483602,19.277380518720445,3.546145509051078,15.427682764590774,10.82
-0.726312535007796,-0.22104363846981115,-1.0484820151221361,1.3711350506501958,1.1091237675129801,0.4916474992070347,1.1146234616279362,2.2679326983537567,-1.0154056149001691,-0.08203140646264019,3.876775258639665,15.427682764590774,14.68
1.4071659639838099,0.5940547783876169,-1.1698960266868192,0.5602346555401263,0.7288237992432308,0.4732979855487013,0.9414414293110444,1.3380057832466126,-0.5180722810506595,-0.08203140646264019,4.346480682177071,12.384921147817483,0.68
1.4071659639838099,1.4091531952450451,0.8334351641304517,0.2899345238367699,0.6537225450050868,0.43863779308296036,1.1146234616279362,0.20518572302518198,0.2555573493819112,-0.08203140646264019,4.193710653753027,15.427682764590774,9.27
-0.726312535007796,0.5940547783876169,0.46919312943640246,0.6683547082214705,0.44279987352774675,0.1776669321644403,2.4134887040046236,-0.2175083292962474,0.9739277204978696,-0.08203140646264019,4.396762227602905,29.866405122863686,0
0.9804702641854887,-0.22104363846981115,-0.6842399804280869,-0.11551567371826482,-1.0863894946829693,0.5556669135261089,-0.5306058453825345,-0.724741192081963,-1.5127389487496792,-0.08203140646264019,10.864527845036319,29.866405122863686,0
0.12707886458884635,-0.22104363846981115,1.865454262430258,0.2899345238367699,-0.2027513331150217,0.7938028241142583,0.09717902176619755,-1.4855904862605358,-0.2417759844675985,-0.08203140646264019,74.80895278450362,6.452944629818965,0
-0.726312535007796,-0.22104363846981115,0.3477791178717194,0.8845948135841549,-0.42485929777676634,0.5776863299161089,1.4609875262617193,0.15446243674661034,0.7528906832314212,-0.08203140646264019,71.24662169952725,6.452944629818965,0
1.4071659639838099,1.4091531952450451,0.40848612365406095,-0.25066573956994304,-0.05894042074410795,-0.08493499663482088,0.7249638889149298,0.39117110604661054,2.686964759312848,-0.08203140646264019,4.227655988079717,6.452944629818965,0.61
1.4071659639838099,1.4091531952450451,0.7120211525657686,0.398054576518114,0.15038435170688863,0.5046960422529605,-0.11929851862991699,-0.18369280511053315,-1.236442652166618,-0.08203140646264019,68.00813889500328,29.866405122863686,1.95
-0.2996168352094748,-0.22104363846981115,-0.07716992260467141,-1.3859262927240372,-1.473081059058093,-2.011633930759832,-1.3748682529273812,-0.8769110509176776,0.9739277204978696,-0.08203140646264019,10.56226392251816,6.452944629818965,0
-1.1530082348061172,-0.22104363846981115,-0.9877750093397946,1.0738049057765051,0.3804818115003507,0.18623003853832887,2.629966244400738,1.9805007427751853,-0.2417759844675985,-0.08203140646264019,4.0936687292619505,9.943595748157046,2.07
-1.1530082348061172,-0.22104363846981115,-0.5628259688634037,0.2899345238367699,-0.007807651901116353,0.42191934730536756,0.09717902176619755,0.2728167713966104,-0.020738947201149764,-0.08203140646264019,4.021394846074023,12.384921147817483,1.64
-1.5797039346044384,-0.22104363846981115,-0.5628259688634037,0.12775444481475753,0.29419526407780233,1.0458028116887046,-0.3574238130656429,0.408078868139468,-1.0154056149001691,-0.08203140646264019,65.13604589956836,9.943595748157046,28.19
0.9804702641854887,0.5940547783876169,-0.3807049515163791,0.4791446160291202,-0.6150092819116411,0.662094092744443,2.911387046915687,0.06992362628232446,-0.020738947201149764,-0.08203140646264019,63.596627320419685,29.866405122863686,0
0.5537745643871675,-1.0361420553272391,-0.31999794573403756,0.398054576518114,0.16476544294398007,0.974851358876482,0.22706554600386622,0.13755467465375293,-0.7391093183171081,-0.08203140646264019,61.0527622276029,6.452944629818965,0
-1.1530082348061172,-0.22104363846981115,0.044244088960011675,0.3710245633477799,-0.09409419932366468,0.8459969962979627,0.16212228388503208,-0.48803252278196246,-1.236442652166618,-0.08203140646264019,58.70457906500279,11.275873783000847,0
-1.1530082348061172,-1.8512404721846674,2.108282285559624,-0.737205976635984,0.6169708673991868,-0.9816145640720483,-0.5089580913429231,-0.9276343371962489,-0.2417759844675985,-0.08203140646264019,7.025811138014527,6.452944629818965,37.02
0.12707886458884635,-0.22104363846981115,-0.3807049515163791,0.20884448432576372,-0.5303206335154363,0.708171760375369,0.010588005607751663,0.03610810209661023,-0.7391093183171081,-0.08203140646264019,56.53033539592861,9.943595748157046,0
1.4071659639838099,1.4091531952450451,1.2583842046068425,1.3711350506501958,1.1091237675129801,0.4916474992070347,1.1146234616279362,0.4588021544180396,0.4765943866483602,2.337895084185245,3.939277782416298,15.427682764590774,0
-1.5797039346044384,-0.22104363846981115,2.654645337600698,-0.14254568688859895,1.3599939146489077,0.4047931345575895,1.5475785424201653,-1.1981585306819638,0.4765943866483602,-0.08203140646264019,3.8079685230024216,6.452944629818965,9.71
-0.2996168352094748,-1.0361420553272391,-0.25929093995169605,-0.3858158054216213,-1.3788050165038273,-1.9447601476494611,-0.7470833857786491,-0.14987728092481895,-0.020738947201149764,-0.08203140646264019,14.899055690072638,6.452944629818965,38.48
-0.726312535007796,-0.22104363846981115,-0.13787692838701296,0.3710245633477799,0.1983213224971932,0.5303853613746276,-0.14094627266952836,0.6109720132537539,0.7528906832314212,-0.08203140646264019,54.51139484607402,11.275873783000847,0
0.12707886458884635,-0.22104363846981115,-0.9877750093397946,0.4791446160291202,0.1168284721536755,0.9495698067250001,-0.3574238130656429,0.4588021544180396,1.2502240170809307,-0.08203140646264019,52.63169157551974,18.57022332592398,4.41
-0.2996168352094748,-0.22104363846981115,-0.13787692838701296,-0.2236357263996051,-0.2363072126682348,0.29999702321999655,-0.05435525651108247,-0.08224623255339047,1.4712610543473796,-0.08203140646264019,3.9983566351636335,29.866405122863686,0
-1.5797039346044384,-1.8512404721846674,-0.7449469862104283,0.7224147345621426,1.9080732806847231,0.670657199118332,-0.16259402670913975,1.1858359244108976,-0.5180722810506595,-0.08203140646264019,3.87340799031477,29.866405122863686,0
1.4071659639838099,1.4091531952450451,0.044244088960011675,1.1278649321171772,0.31976164849929806,0.11487081875592103,0.27036105408308936,0.3066322955823247,-1.0154056149001691,-0.08203140646264019,3.7560319906082618,18.57022332592398,2.55
0.9804702641854887,0.5940547783876169,0.40848612365406095,0.398054576518114,-0.37852022601280516,0.6033756490377761,-0.4440148292240888,-0.18369280511053315,1.7475573509304405,-0.08203140646264019,51.024301856335754,29.866405122863686,0
-0.2996168352094748,0.5940547783876169,-0.6842399804280869,-0.2236357263996051,-0.19316393895696085,0.3285407111329597,-0.6171968615409804,0.4249866302323248,-0.5180722810506595,-0.08203140646264019,3.720560461472725,11.275873783000847,0
-0.726312535007796,-0.22104363846981115,-0.1985839341693545,-0.2236357263996051,-1.4890600493215278,-2.0776921799298322,-0.40071932114486586,-1.299605103239107,0.7528906832314212,-0.08203140646264019,8.449811138014528,12.384921147817483,5.55
-0.2996168352094748,-0.22104363846981115,0.10495109474235322,-0.9264160688283343,-0.950568077443773,-1.8220222896237197,-0.8986176640559292,-1.3334206274248213,0.9739277204978696,-0.08203140646264019,7.966509281678772,9.943595748157046,0
0.5537745643871675,-1.0361420553272391,-0.4414119572987207,0.12775444481475753,0.29419526407780233,1.0458028116887046,-0.3574238130656429,0.28972453348946786,-1.236442652166618,-0.08203140646264019,49.37835663516363,9.943595748157046,0
-0.726312535007796,-0.22104363846981115,0.28707211208937783,0.6142946818807984,0.4715620560019292,0.6657639954761095,1.0280324454694902,-0.04843070836767564,-0.2417759844675985,-0.08203140646264019,47.83528299031476,6.452944629818965,35.88
0.5537745643871675,0.5940547783876169,2.0475752797772824,-0.196605713229271,2.8492358072010364,1.2423464913179647,-0.3790715671052543,-1.4517749620748213,-0.020738947201149764,-0.08203140646264019,47.47300168757795,6.452944629818965,18.3
-1.5797039346044384,-1.0361420553272391,-0.25929093995169605,0.2899345238367699,1.0595888976963321,0.22292906585499575,0.09717902176619755,0.7462341099966114,-0.020738947201149764,-0.08203140646264019,3.614258734002076,29.866405122863686,6.36
-0.2996168352094748,-1.0361420553272391,-0.016462916822329865,-0.196605713229271,2.8492358072010364,1.2423464913179647,-0.3790715671052543,0.17137019883946716,-0.5180722810506595,-0.08203140646264019,46.6149722261786,6.452944629818965,7.8
-1.5797039346044384,-1.8512404721846674,-0.6235329746457453,0.5061746291994581,0.404450296895503,0.6351814727122205,0.010588005607751663,0.5940642511608966,-1.0154056149001691,-0.08203140646264019,45.50597301971635,18.57022332592398,0
1.833861663782131,-0.22104363846981115,-1.0484820151221361,0.34399455017744196,-0.3130063659327223,-0.4425466294872301,0.1404745298454207,0.6616952995323256,0.2555573493819112,-0.08203140646264019,12.024842615012107,9.943595748157046,1.63
0.5537745643871675,0.5940547783876169,-1.1091890209044777,0.04666440530375136,-1.012886139471169,-1.8464883078348309,0.7249638889149298,-0.724741192081963,2.963261055895909,-0.08203140646264019,6.828436527153234,6.452944629818965,2.53
-1.5797039346044384,-0.22104363846981115,-0.31999794573403756,-0.2236357263996051,-0.2363072126682348,0.29999702321999655,-0.05435525651108247,0.23900124721089622,0.4765943866483602,-0.08203140646264019,3.69052932472424,29.866405122863686,4.53
0.12707886458884635,-0.22104363846981115,-0.5628259688634037,0.5061746291994581,0.34532803292079417,0.6074533187396279,0.010588005607751663,0.5095254406966107,-1.236442652166618,-0.08203140646264019,44.241918213613125,12.384921147817483,2.57
-0.2996168352094748,-0.22104363846981115,0.8334351641304517,1.1008349189468394,0.47315995502827307,0.22496790070592168,1.8506470989747252,0.28972453348946786,-1.5127389487496792,-0.08203140646264019,3.7132177213533146,12.384921147817483,0
-1.5797039346044384,-0.22104363846981115,1.9261612682125995,-0.007395621036920702,2.630323640591979,1.1192008663220383,-0.4440148292240888,-0.74164895417482,1.968594388196889,-0.08203140646264019,43.115650153785744,11.275873783000847,3.71
0.12707886458884635,-0.22104363846981115,-0.31999794573403756,0.20884448432576372,1.013249825932371,0.6119387554116651,1.0063846914298789,1.1520204002251835,0.7528906832314212,-0.08203140646264019,3.615501465528227,11.275873783000847,0.09
0.5537745643871675,0.5940547783876169,-0.5628259688634037,0.23587449749610165,0.00018184323060107678,0.8957445666605552,-0.5739013534617574,0.3742633439537537,-0.7391093183171081,-0.08203140646264019,42.07865936026506,15.427682764590774,5.65
1.4071659639838099,1.4091531952450451,1.197677198824501,0.7224147345621426,1.9080732806847231,0.670657199118332,-0.16259402670913975,0.0022925779108954017,0.4765943866483602,-0.08203140646264019,3.5251039920531446,29.866405122863686,3.32
-1.1530082348061172,0.5940547783876169,-0.7449469862104283,1.2089549716281833,-0.18837024187793022,-0.15221654671537682,0.8764981671922099,0.8307729204608973,0.7528906832314212,-0.08203140646264019,3.5199763922518157,12.384921147817483,0.77
1.4071659639838099,1.4091531952450451,-0.07716992260467141,0.10072443164442342,0.4907368443180513,0.20702615401777352,0.3136565621623121,-0.11606175673910471,0.4765943866483602,-0.08203140646264019,3.452903797318845,11.275873783000847,0
0.9804702641854887,-0.22104363846981115,-0.31999794573403756,0.10072443164442342,0.4907368443180513,0.20702615401777352,0.3136565621623121,0.20518572302518198,0.7528906832314212,-0.08203140646264019,3.3706918021445866,11.275873783000847,2.74
1.4071659639838099,-0.22104363846981115,-0.016462916822329865,0.15478445798509163,2.590376164933392,1.0947348481109271,-0.31412830498641997,0.408078868139468,0.2555573493819112,-0.08203140646264019,3.3560245509319215,29.866405122863686,12.18
0.5537745643871675,0.5940547783876169,-0.13787692838701296,0.398054576518114,0.16476544294398007,0.974851358876482,0.22706554600386622,-0.08224623255339047,-1.0154056149001691,-0.08203140646264019,41.14459117154032,6.452944629818965,1.09
0.5537745643871675,0.5940547783876169,-0.13787692838701296,-0.034425634207254814,0.23667089912943695,0.5540358456453682,-0.4656625832637002,0.408078868139468,-1.0154056149001691,-0.08203140646264019,40.14322639225181,9.943595748157046,0
-0.2996168352094748,-0.22104363846981115,-1.4127240498161853,-1.5210763585757154,-1.3788050165038273,-0.8193233099383436,-1.4181637610066042,-2.4155174013676803,2.465927722046399,-0.08203140646264019,19.173018563357548,9.943595748157046,9.77
-1.1530082348061172,-0.22104363846981115,0.8941421699127933,0.15478445798509163,2.1845098122421462,0.8284630165799993,-0.6171968615409804,-0.3865859502248192,-0.7391093183171081,-0.08203140646264019,3.556569447501651,18.57022332592398,0
0.5537745643871675,0.5940547783876169,0.5906071410010856,-0.25066573956994304,-1.183861335289922,-1.9039834506309425,-0.42236707518447725,-1.0967119581248206,-0.2417759844675985,-0.08203140646264019,6.2911319612590795,11.275873783000847,12.1
0.9804702641854887,-0.22104363846981115,-0.9877750093397946,0.04666440530375136,0.20311501957622383,0.9976863092068521,-0.14094627266952836,0.4418943923251822,0.2555573493819112,-0.08203140646264019,39.16412330951396,29.866405122863686,15.64
0.5537745643871675,0.5940547783876169,0.044244088960011675,-1.0345361215096744,-1.5433886162172066,-2.0948183926776105,-0.4440148292240888,-1.4686827241676788,0.9739277204978696,-0.08203140646264019,6.936561743341404,9.943595748157046,3.18
0.9804702641854887,-0.22104363846981115,-0.927068003557453,-0.25066573956994304,-1.1503054557367087,-1.892158208495572,-0.6388446155805918,-0.471124760689105,-0.5180722810506595,-0.08203140646264019,6.5609055690072635,9.943595748157046,1.75
-0.2996168352094748,0.5940547783876169,-0.4414119572987207,0.8845948135841549,-0.42485929777676634,0.5776863299161089,1.4609875262617193,-0.2006005672033906,-0.2417759844675985,-0.08203140646264019,38.60402513547791,6.452944629818965,0
-0.726312535007796,-0.22104363846981115,-1.59484506716321,0.1818144711554296,-1.252570993422692,-1.929265002782424,-0.03270750247147109,-0.014615184181961413,0.2555573493819112,-0.08203140646264019,6.12355051727933,6.452944629818965,0
1.833861663782131,3.8544484458173294,2.108282285559624,-1.845436516619744,-1.6760142354037157,-2.1368183906066847,-0.31412830498641997,-2.0604543974176797,-0.5180722810506595,-0.08203140646264019,13.555811138014528,18.57022332592398,0
-0.2996168352094748,-0.22104363846981115,-0.31999794573403756,0.6683547082214705,0.600991877135752,0.7257057400933323,-0.22753728882797428,0.6786030616251824,0.4765943866483602,-0.08203140646264019,37.70625710907145,11.275873783000847,48.55
-1.5797039346044384,-1.8512404721846674,-0.5628259688634037,-0.007395621036920702,0.8230998417974961,0.7901329213825917,0.20541779196425483,1.3210980211537553,-1.236442652166618,-0.08203140646264019,3.4775345708905023,18.57022332592398,5.8
1.4071659639838099,1.4091531952450451,0.8941421699127933,-0.2236357263996051,-0.19316393895696085,0.3285407111329597,-0.6171968615409804,-0.4542169985962482,-0.5180722810506595,-0.08203140646264019,3.5280229497841877,11.275873783000847,32.07
0.5537745643871675,0.5940547783876169,1.56191923351855,0.2629045106664358,1.4622594523348904,0.46432711220462697,-0.22753728882797428,0.03610810209661023,-1.0154056149001691,-0.08203140646264019,4.135299057235588,11.275873783000847,0
1.4071659639838099,1.4091531952450451,1.197677198824501,0.7224147345621426,1.9080732806847231,0.670657199118332,-0.16259402670913975,0.0022925779108954017,0.4765943866483602,-0.08203140646264019,4.04914699354318,29.866405122863686,0
-0.2996168352094748,0.5940547783876169,-1.1698960266868192,0.398054576518114,0.15038435170688863,0.5046960422529605,-0.11929851862991699,-0.2006005672033906,-0.5180722810506595,-0.08203140646264019,37.95270581113801,29.866405122863686,154.88
-0.2996168352094748,-0.22104363846981115,1.5012122277362088,1.3711350506501958,1.1091237675129801,0.4916474992070347,1.1146234616279362,0.3066322955823247,0.4765943866483602,1.1279318388613024,3.966511340613727,15.427682764590774,0
-1.1530082348061172,-1.8512404721846674,-1.3520170440338437,1.019744879435833,-0.054146723665077535,0.39337565939240443,1.6991128206974453,0.9660350172037548,0.2555573493819112,-0.08203140646264019,3.8871811138014527,15.427682764590774,10.01
-0.726312535007796,-0.22104363846981115,-0.016462916822329865,0.15478445798509163,1.1123195655656675,0.2543271225592554,-0.3357760590260315,0.9660350172037548,-0.020738947201149764,-0.08203140646264019,4.007236386079856,11.275873783000847,3.2
-0.2996168352094748,0.5940547783876169,-1.7769660845102346,0.5061746291994581,0.404450296895503,0.6351814727122205,0.010588005607751663,0.4418943923251822,-1.7337759860161277,-0.08203140646264019,40.551090126446056,18.57022332592398,11.06
-1.5797039346044384,-1.0361420553272391,-1.0484820151221361,1.3170750243095275,0.740009092427635,0.3383271184174041,0.4651908404395925,2.284840460446614,-1.0154056149001691,-0.08203140646264019,3.9917126094244733,6.452944629818965,0
-0.726312535007796,-0.22104363846981115,-0.8663609977751114,-0.25066573956994304,-1.1503054557367087,-1.892158208495572,-0.6388446155805918,-1.40105167579625,-0.020738947201149764,-0.08203140646264019,5.613254640839386,9.943595748157046,0
0.5537745643871675,-1.0361420553272391,-0.31999794573403756,0.6683547082214705,0.600991877135752,0.7257057400933323,-0.22753728882797428,0.6616952995323256,-0.2417759844675985,-0.08203140646264019,39.909979471523314,11.275873783000847,0
0.5537745643871675,-0.22104363846981115,0.10495109474235322,-0.16957570005893305,-0.3545517406176529,-1.059498055377419,-0.5955491075013688,-0.7754644783605343,-1.236442652166618,-0.08203140646264019,11.04635189669088,11.275873783000847,0.9
-1.1530082348061172,-0.22104363846981115,0.5906071410010856,0.20884448432576372,1.013249825932371,0.6119387554116651,1.0063846914298789,0.5940642511608966,1.968594388196889,-0.08203140646264019,3.9163972771711815,11.275873783000847,2.87
-1.1530082348061172,-0.22104363846981115,-0.6235329746457453,-0.8453260293173243,-0.4296529948557967,0.7114338961368507,-1.180038466570878,0.49261767860375383,-1.0154056149001691,-0.08203140646264019,39.0608309721292,12.384921147817483,6.04
1.4071659639838099,1.4091531952450451,-0.4414119572987207,0.10072443164442342,-1.1790676382108916,0.5022494404318493,-0.8553221559767064,0.2220934851180388,-0.7391093183171081,-0.08203140646264019,7.2430185633575475,12.384921147817483,13.7
-0.726312535007796,-0.22104363846981115,0.2263651063070363,-1.92652655613075,-1.656839447087594,-2.1221387796800175,-1.4181637610066042,-1.0459886718462494,-1.236442652166618,-0.08203140646264019,11.296509281678773,29.866405122863686,0
-0.726312535007796,-0.22104363846981115,-0.31999794573403756,0.10072443164442342,0.4907368443180513,0.20702615401777352,0.3136565621623121,0.15446243674661034,0.7528906832314212,-0.08203140646264019,3.8970195498161595,11.275873783000847,0
-0.2996168352094748,0.5940547783876169,-1.1091890209044777,0.1818144711554296,-1.252570993422692,-1.929265002782424,-0.03270750247147109,-0.28513937766767644,0.2555573493819112,-0.08203140646264019,5.18146582231328,6.452944629818965,0
-1.5797039346044384,-0.22104363846981115,-0.9877750093397946,0.4791446160291202,0.1168284721536755,0.9495698067250001,-0.3574238130656429,-0.3527704260391049,-0.020738947201149764,-0.08203140646264019,38.37289699354317,18.57022332592398,7.21
1.4071659639838099,1.4091531952450451,-0.6235329746457453,0.7764747609028146,0.3836776095530375,0.14708440940055123,1.2878054939448276,0.32354005767518207,0.4765943866483602,-0.08203140646264019,3.826164648910411,6.452944629818965,6.96
-1.5797039346044384,0.5940547783876169,-1.0484820151221361,0.6413246950511363,0.5386738151083559,0.6963465182399986,-0.22753728882797428,1.8114231218466137,-0.7391093183171081,-0.08203140646264019,37.73691950387903,29.866405122863686,1.46
-1.5797039346044384,-1.8512404721846674,0.529900135218744,-0.2776957527402772,-0.9649491686808646,-1.0370708720172337,-0.09765076459030561,-0.3865859502248192,0.7528906832314212,-0.08203140646264019,10.539865098581805,29.866405122863686,0.71
1.4071659639838099,1.4091531952450451,1.1369701930421594,-0.08848566054792688,1.3168506409376333,0.37665721361481164,-0.5089580913429231,-0.4542169985962482,-0.7391093183171081,-0.08203140646264019,3.8821259944655826,18.57022332592398,16.33
1.4071659639838099,1.4091531952450451,-0.31999794573403756,-0.4669058449326275,-0.9649491686808646,-1.8285465611466827,0.09717902176619755,-1.2488818169605354,0.9739277204978696,-0.08203140646264019,4.811361120719475,11.275873783000847,7.19
1.4071659639838099,1.4091531952450451,-0.6235329746457453,0.3169645370071078,-0.47758996564610134,-0.28474081202556256,0.5950773646772611,0.20518572302518198,0.2555573493819112,-0.08203140646264019,4.100509748948642,29.866405122863686,58.3
0.9804702641854887,-0.22104363846981115,-0.6235329746457453,0.3710245633477799,0.09925158286389725,0.47859895616110854,0.6600206267960953,0.019200340003752817,0.9739277204978696,-0.08203140646264019,37.01138111380145,6.452944629818965,1.69
-1.5797039346044384,-1.0361420553272391,-0.07716992260467141,-0.007395621036920702,2.630323640591979,1.1192008663220383,-0.4440148292240888,0.5095254406966107,-0.020738947201149764,-0.08203140646264019,36.318805013530834,11.275873783000847,70.76
0.5537745643871675,-1.0361420553272391,0.6513141467834271,0.398054576518114,0.16476544294398007,0.974851358876482,0.22706554600386622,-0.5049402848748196,-0.2417759844675985,-0.08203140646264019,36.98113568634755,6.452944629818965,0
-0.2996168352094748,1.4091531952450451,0.7727281583481102,-1.7913764902790719,-1.3500428340296446,-0.8038281650713064,-0.5089580913429231,-2.381701877181966,2.465927722046399,-0.08203140646264019,16.82226392251816,11.275873783000847,8.98
-1.1530082348061172,-0.22104363846981115,1.319091210389184,0.6953847213918046,1.9719892417384626,0.703278556733147,0.20541779196425483,0.3404478197680389,0.4765943866483602,-0.08203140646264019,5.034983718794356,11.275873783000847,15.34
1.833861663782131,0.5940547783876169,-0.6235329746457453,0.6142946818807984,-0.9937113511550473,-1.031362134434641,1.0496801995091016,1.5408989283608985,0.2555573493819112,-0.08203140646264019,8.50976392251816,12.384921147817483,0
-1.5797039346044384,-0.22104363846981115,0.46919312943640246,-0.3858158054216213,-0.4408382880402012,0.6673950633568502,-0.7470833857786491,0.019200340003752817,-1.0154056149001691,-0.08203140646264019,36.28337840924665,11.275873783000847,0
-1.1530082348061172,-0.22104363846981115,2.0475752797772824,-10.981580968193194,-1.0464420190243822,0.6359970066525911,-1.8944143498780561,-1.1305274823105351,1.2502240170809307,-0.08203140646264019,35.6114639942606,11.275873783000847,0
0.5537745643871675,0.5940547783876169,1.197677198824501,-0.8453260293173243,-1.3867945116355447,-2.0756533450789063,-1.180038466570878,-1.3503283895176783,-0.5180722810506595,-0.08203140646264019,14.899055690072638,9.943595748157046,3.35
1.4071659639838099,1.4091531952450451,-0.8056539919927699,0.7224147345621426,1.9080732806847231,0.670657199118332,-0.16259402670913975,1.3549135453394694,-0.2417759844675985,-0.08203140646264019,5.209645011696147,29.866405122863686,4.96
0.9804702641854887,-0.22104363846981115,0.16565810052469476,0.8845948135841549,-0.42485929777676634,0.5776863299161089,1.4609875262617193,0.20518572302518198,0.4765943866483602,-0.08203140646264019,34.96398283072859,6.452944629818965,26.13
-1.1530082348061172,0.5940547783876169,-0.25929093995169605,0.7764747609028146,0.9269632785098227,-0.5661000214533419,0.681668380835707,0.7631418720894683,1.2502240170809307,-0.08203140646264019,9.31113196125908,11.275873783000847,0
-1.1530082348061172,-0.22104363846981115,-1.5341380613808684,0.6413246950511363,-1.5449865152435498,-2.1408960603085365,0.4868385944792039,-0.62329461952482,1.968594388196889,-0.08203140646264019,4.969937046004843,15.427682764590774,0
0.12707886458884635,0.5940547783876169,0.2263651063070363,-0.034425634207254814,-1.4826684532161538,-2.1205077117992768,-0.24918504286758564,-1.2319740548676783,0.7528906832314212,-0.08203140646264019,4.6593159806295406,18.57022332592398,0
-0.726312535007796,0.5940547783876169,-0.31999794573403756,-0.08848566054792688,0.4028523978691596,1.1098222260077788,-0.5089580913429231,-1.012173147660535,-0.7391093183171081,-0.08203140646264019,34.80623313732272,18.57022332592398,2.18
-1.1530082348061172,0.5940547783876169,0.16565810052469476,0.2899345238367699,0.6537225450050868,0.43863779308296036,1.1146234616279362,0.2220934851180388,-0.020738947201149764,-0.08203140646264019,5.205484261501211,15.427682764590774,3.09
0.5537745643871675,-1.0361420553272391,-0.8056539919927699,-0.11551567371826482,-0.9841239569969863,-1.8358863666100163,-0.2924805509468086,-0.62329461952482,2.465927722046399,-0.08203140646264019,4.385238570004273,29.866405122863686,1.94
-1.5797039346044384,-1.8512404721846674,-1.7769660845102346,0.5061746291994581,0.404450296895503,0.6351814727122205,0.010588005607751663,0.4418943923251822,-1.7337759860161277,-0.08203140646264019,34.23384308228197,18.57022332592398,0
0.5537745643871675,0.5940547783876169,-1.1698960266868192,-0.16957570005893305,-0.29383157761660045,-1.0297310665539001,-0.3574238130656429,0.3066322955823247,0.4765943866483602,-0.08203140646264019,6.807811138014527,9.943595748157046,0
1.4071659639838099,1.4091531952450451,-1.3520170440338437,0.01963439213341341,-0.13563957400859522,0.3595310008670336,-0.7254356317390377,0.7631418720894683,-0.7391093183171081,-0.08203140646264019,5.170804191640535,9.943595748157046,0
-1.1530082348061172,-1.8512404721846674,0.7120211525657686,0.15478445798509163,2.1845098122421462,0.8284630165799993,-0.6171968615409804,0.25590900930375304,-1.0154056149001691,-0.08203140646264019,5.08740412403343,18.57022332592398,0
-1.5797039346044384,-1.0361420553272391,0.2263651063070363,0.04666440530375136,-0.2778525873531656,0.7901329213825917,-0.16259402670913975,0.5771564890680397,-0.020738947201149764,-0.08203140646264019,33.64360440844953,29.866405122863686,0.72
-0.2996168352094748,-0.22104363846981115,1.6226262393008917,1.1008349189468394,0.47315995502827307,0.22496790070592168,1.8506470989747252,0.08683138837518128,1.968594388196889,-0.08203140646264019,5.0066516776202015,15.427682764590774,46.7
0.12707886458884635,-0.22104363846981115,1.865454262430258,0.2899345238367699,-0.2027513331150217,0.7938028241142583,0.09717902176619755,-1.4855904862605358,-0.2417759844675985,-0.08203140646264019,33.085577215085976,6.452944629818965,3.71
1.4071659639838099,1.4091531952450451,-0.927068003557453,0.34399455017744196,-0.4216634997240793,-0.2553815901722291,1.2012144777863816,0.5602487269751824,0.7528906832314212,-0.08203140646264019,5.658110245157386,11.275873783000847,0
-0.2996168352094748,-0.22104363846981115,0.529900135218744,0.2899345238367699,0.6537225450050868,0.43863779308296036,1.1146234616279362,0.03610810209661023,-0.7391093183171081,-0.08203140646264019,5.571062395231888,15.427682764590774,4.4
0.5537745643871675,0.5940547783876169,0.16565810052469476,0.04666440530375136,-0.2778525873531656,0.7901329213825917,-0.16259402670913975,-0.3527704260391049,0.4765943866483602,-0.08203140646264019,32.59598426150121,29.866405122863686,12.64
0.5537745643871675,0.5940547783876169,-1.3520170440338437,1.1278649321171772,0.31976164849929806,0.11487081875592103,0.27036105408308936,1.4394523558037553,-0.020738947201149764,-0.08203140646264019,5.553319025607162,18.57022332592398,0.9
-1.1530082348061172,-0.22104363846981115,1.6226262393008917,-2.5482168590484733,-0.8786626212583162,0.4688125488766641,-1.5696980392838844,0.5095254406966107,0.9739277204978696,-0.08203140646264019,5.483866502836905,11.275873783000847,54.29
-0.726312535007796,-0.22104363846981115,-0.5628259688634037,0.20884448432576372,-0.5303206335154363,0.708171760375369,0.010588005607751663,0.0022925779108954017,-0.7391093183171081,-0.08203140646264019,32.268836978525776,9.943595748157046,0
-1.1530082348061172,-0.22104363846981115,-1.5341380613808684,1.1278649321171772,1.693954811154696,0.5683076896018497,1.9155903610935598,2.0143162669608996,0.2555573493819112,-0.08203140646264019,6.201603760148127,12.384921147817483,0
-0.2996168352094748,0.5940547783876169,0.5906071410010856,-0.4398758317622895,2.4689358389312868,1.030307666821667,-0.7687311398182606,-0.25132385348196223,-0.5180722810506595,-0.08203140646264019,6.111725444783661,18.57022332592398,0
-1.1530082348061172,-1.8512404721846674,-0.4414119572987207,0.3710245633477799,0.09925158286389725,0.47859895616110854,0.6600206267960953,0.6955108237180399,0.2555573493819112,-0.08203140646264019,31.74837186596891,6.452944629818965,0
0.9804702641854887,-0.22104363846981115,1.0155561814774763,0.15478445798509163,1.1123195655656675,0.2543271225592554,-0.3357760590260315,0.06992362628232446,0.4765943866483602,-0.08203140646264019,6.024415081286752,11.275873783000847,0
0.5537745643871675,-0.22104363846981115,-0.016462916822329865,-1.2778062400426968,-1.3468470359769575,-1.8493426766261272,-0.8769699100163179,-1.620852583003393,0.2555573493819112,-0.08203140646264019,9.124527845036319,29.866405122863686,0
-0.726312535007796,-0.22104363846981115,1.319091210389184,-0.6020559107843058,0.5690338966088823,0.26044362711203317,-0.03270750247147109,-0.7585567162676772,0.7528906832314212,-0.08203140646264019,5.93956416464891,15.427682764590774,0
-0.2996168352094748,-0.22104363846981115,-1.6555520729455515,0.5061746291994581,0.404450296895503,0.6351814727122205,0.010588005607751663,0.32354005767518207,-1.5127389487496792,-0.08203140646264019,31.244429455397974,18.57022332592398,0
0.5537745643871675,0.5940547783876169,1.56191923351855,-1.6562264244273937,-1.4938537464005583,-2.0210125710740914,-1.3315727448481585,-2.29716306671768,0.2555573493819112,-0.08203140646264019,4.249391982781813,18.57022332592398,2.14
-1.1530082348061172,-1.8512404721846674,0.10495109474235322,0.398054576518114,0.15038435170688863,0.5046960422529605,-0.11929851862991699,-0.11606175673910471,-1.236442652166618,-0.08203140646264019,30.756235245157377,29.866405122863686,200.94
-1.1530082348061172,0.5940547783876169,-0.5021189630810622,0.15478445798509163,1.1123195655656675,0.2543271225592554,-0.3357760590260315,0.999850541389469,-0.020738947201149764,-0.08203140646264019,5.857070217917676,11.275873783000847,3.05
-1.1530082348061172,0.5940547783876169,0.529900135218744,0.15478445798509163,-0.11966058374516036,-0.30879906326648876,-0.03270750247147109,-0.03152294627481883,-1.236442652166618,-0.08203140646264019,8.276561743341405,29.866405122863686,0
-0.2996168352094748,1.4091531952450451,0.8941421699127933,-1.7102864507680657,-1.358032329161362,-0.807498067802973,-1.0934474504124325,-2.8213036915962526,0.4765943866483602,-0.08203140646264019,15.25381113801453,6.452944629818965,9.27
-1.1530082348061172,-0.22104363846981115,-0.7449469862104283,0.6953847213918046,-0.22032822240479993,-0.035187426272227804,1.1362712156675476,1.5916222146394703,-0.020738947201149764,-0.08203140646264019,5.818617201233871,9.943595748157046,8.85
-0.2996168352094748,1.4091531952450451,-1.1091890209044777,0.6683547082214705,0.600991877135752,0.7257057400933323,-0.22753728882797428,1.5916222146394703,-0.5180722810506595,-0.08203140646264019,33.3744470106165,11.275873783000847,64.1
-0.726312535007796,-0.22104363846981115,-0.7449469862104283,0.2899345238367699,0.6537225450050868,0.43863779308296036,1.1146234616279362,0.35735558186089633,-0.5180722810506595,-0.08203140646264019,5.859581833649631,15.427682764590774,0
0.5537745643871675,0.5940547783876169,-0.7449469862104283,0.3169645370071078,-0.1500206652456867,0.8190843762657402,-0.16259402670913975,0.39117110604661054,-1.0154056149001691,-0.08203140646264019,33.83998569227383,29.866405122863686,0
1.4071659639838099,-1.0361420553272391,2.108282285559624,-0.764235989806318,-0.24749250585263924,-1.3114980429518648,-0.9635609261747636,-0.7754644783605343,-0.020738947201149764,-0.08203140646264019,5.673175948345439,9.943595748157046,1.94
1.4071659639838099,1.4091531952450451,0.40848612365406095,0.23587449749610165,0.00018184323060107678,0.8957445666605552,-0.5739013534617574,-0.5387558090605341,-1.0154056149001691,-0.08203140646264019,33.334911278956305,9.943595748157046,0
-1.1530082348061172,0.5940547783876169,-0.31999794573403756,-0.034425634207254814,0.23667089912943695,0.5540358456453682,-0.4656625832637002,0.5095254406966107,-1.236442652166618,-0.08203140646264019,32.84469199544225,9.943595748157046,0.47
-1.1530082348061172,-1.8512404721846674,0.7120211525657686,0.2899345238367699,0.6537225450050868,0.43863779308296036,1.1146234616279362,0.49261767860375383,-0.5180722810506595,-0.08203140646264019,5.781454075867636,15.427682764590774,0.52
-0.2996168352094748,0.5940547783876169,-1.2306030324691606,0.3710245633477799,-0.24749250585263924,0.7697445728733323,-0.11929851862991699,-0.04843070836767564,0.9739277204978696,-0.08203140646264019,32.37549356072569,18.57022332592398,0
0.5537745643871675,0.5940547783876169,-1.4127240498161853,0.5061746291994581,0.34532803292079417,0.6074533187396279,0.010588005607751663,1.2703747348751835,0.2555573493819112,-0.08203140646264019,31.912986509858175,12.384921147817483,0
-0.726312535007796,-0.22104363846981115,1.8047472566479164,0.12775444481475753,0.5386738151083559,0.23475430799036656,0.33530431620192347,-1.4517749620748213,-1.0154056149001691,-0.08203140646264019,5.712224416974641,9.943595748157046,0
1.4071659639838099,1.4091531952450451,0.7120211525657686,0.15478445798509163,2.1845098122421462,0.8284630165799993,-0.6171968615409804,0.25590900930375304,-1.0154056149001691,-0.08203140646264019,5.6380396842866585,18.57022332592398,0
-0.726312535007796,-0.22104363846981115,2.4118173144713317,0.15478445798509163,0.011367136415005525,0.09122033448518034,-0.05435525651108247,-1.299605103239107,1.968594388196889,-0.08203140646264019,5.5657571242317,6.452944629818965,3.3
-0.726312535007796,-0.22104363846981115,0.8941421699127933,-0.007395621036920702,0.2846078699197415,0.5789096308266648,-0.4656625832637002,-0.8430955267319631,1.2502240170809307,-0.08203140646264019,31.463507826620745,15.427682764590774,11.24
0.5537745643871675,-1.0361420553272391,0.40848612365406095,-1.6562264244273937,-1.345249136950614,-0.8038281650713064,-1.2449817286897125,-2.4831484497391094,-0.020738947201149764,-0.08203140646264019,9.682722241438949,11.275873783000847,0
-1.1530082348061172,-1.8512404721846674,-0.6842399804280869,0.3710245633477799,0.09925158286389725,0.47859895616110854,0.6600206267960953,0.1206469125608961,1.2502240170809307,-0.08203140646264019,31.18262577347323,6.452944629818965,0
0.9804702641854887,-0.22104363846981115,-0.6235329746457453,0.3710245633477799,0.09925158286389725,0.47859895616110854,0.6600206267960953,0.019200340003752817,0.9739277204978696,-0.08203140646264019,30.755466516302363,6.452944629818965,0
1.4071659639838099,1.4091531952450451,-0.927068003557453,0.2899345238367699,1.5229796153359432,0.49735623678962726,-0.2058895347883629,1.1182048760394692,-1.236442652166618,-0.08203140646264019,5.537076654304717,9.943595748157046,1.23
-1.1530082348061172,0.5940547783876169,-1.1698960266868192,1.046774892606171,0.2973910621304896,0.1487154772812919,1.071327953548713,2.403194795096615,-0.020738947201149764,-0.08203140646264019,5.4832381961259085,11.275873783000847,26.43
-0.2996168352094748,-1.0361420553272391,-0.6235329746457453,-0.2236357263996051,-0.19316393895696085,0.3285407111329597,-0.6171968615409804,0.4418943923251822,-1.0154056149001691,-0.08203140646264019,5.741840193704601,11.275873783000847,0
-1.1530082348061172,-0.22104363846981115,-1.0484820151221361,0.3710245633477799,-0.09409419932366468,0.8459969962979627,0.16212228388503208,1.016758303482326,-1.0154056149001691,-0.08203140646264019,30.3398521039199,11.275873783000847,0
-0.2996168352094748,-0.22104363846981115,-0.4414119572987207,-3.11584713562552,-0.8163445592309203,-0.7500029250068616,-1.6562890554423302,0.7462341099966114,-0.5180722810506595,-0.08203140646264019,7.448905569007264,15.427682764590774,0
0.9804702641854887,-0.22104363846981115,-0.8663609977751114,0.15478445798509163,-0.11966058374516036,-0.30879906326648876,-0.03270750247147109,0.9153117309251833,-1.236442652166618,-0.08203140646264019,6.77173233546115,29.866405122863686,0
0.9804702641854887,-0.22104363846981115,-0.016462916822329865,0.15478445798509163,-0.052548824638733914,0.8700552475388886,-0.6388446155805918,0.06992362628232446,-1.0154056149001691,-0.08203140646264019,29.9353207425343,9.943595748157046,0
-0.726312535007796,1.4091531952450451,-0.3807049515163791,0.01963439213341341,-0.2810483854058526,-1.298857266876124,-0.4440148292240888,0.05301586418946705,0.2555573493819112,-0.08203140646264019,5.139865098581805,6.452944629818965,0
1.4071659639838099,1.4091531952450451,2.533231326036015,0.12775444481475753,0.5386738151083559,0.23475430799036656,0.33530431620192347,-1.8406534902105365,-1.0154056149001691,-0.08203140646264019,5.671817752317959,9.943595748157046,0
1.4071659639838099,3.0393500289599014,-0.5021189630810622,0.1818144711554296,1.2737073672263595,0.3477057587316632,-0.2924805509468086,1.2365592106894694,0.2555573493819112,-0.08203140646264019,5.6034825986755745,12.384921147817483,185.76
0.5537745643871675,-0.22104363846981115,-0.25929093995169605,-0.007395621036920702,0.2846078699197415,0.5789096308266648,-0.4656625832637002,-0.09915399464624729,-0.7391093183171081,-0.08203140646264019,29.54143494329043,15.427682764590774,0
1.4071659639838099,1.4091531952450451,1.1369701930421594,-0.007395621036920702,0.2846078699197415,0.5789096308266648,-0.4656625832637002,-0.9783576234748206,0.7528906832314212,-0.08203140646264019,29.157779944026917,15.427682764590774,0
0.9804702641854887,-0.22104363846981115,0.9548491756951348,-0.08848566054792688,-1.081595797603939,-1.8685077242248311,-0.790378893857872,-1.2488818169605354,-0.020738947201149764,-0.08203140646264019,4.138371352109086,11.275873783000847,8.24
0.12707886458884635,-0.22104363846981115,0.8334351641304517,-0.196605713229271,2.8492358072010364,1.2423464913179647,-0.3790715671052543,-0.4542169985962482,-0.2417759844675985,-0.08203140646264019,28.78396225243683,6.452944629818965,0
-0.726312535007796,1.4091531952450451,0.8334351641304517,0.3710245633477799,0.1983213224971932,0.5303853613746276,-0.14094627266952836,-0.28513937766767644,-1.5127389487496792,-0.08203140646264019,28.419608299874337,11.275873783000847,0
-1.1530082348061172,0.5940547783876169,-0.016462916822329865,-0.2236357263996051,-0.19316393895696085,0.3285407111329597,-0.6171968615409804,0.05301586418946705,-0.7391093183171081,-0.08203140646264019,7.7482030439294345,11.275873783000847,4.69
1.4071659639838099,-1.0361420553272391,-1.1091890209044777,0.7224147345621426,-0.49197105688319254,0.548734875032961,1.893942607053948,0.7293263479037541,0.4765943866483602,-0.08203140646264019,28.064363196125907,18.57022332592398,23.41
-0.726312535007796,-0.22104363846981115,-0.3807049515163791,0.20884448432576372,1.013249825932371,0.6119387554116651,1.0063846914298789,1.3380057832466126,1.2502240170809307,-0.08203140646264019,7.712224184589089,11.275873783000847,0.76
0.5537745643871675,0.5940547783876169,2.2904033029066486,-4.30516771512029,-1.7143638120359592,-2.179226155505944,-1.5696980392838844,-2.4155174013676803,1.2502240170809307,-0.08203140646264019,8.47238196125908,15.427682764590774,5.39
1.4071659639838099,1.4091531952450451,-0.5628259688634037,0.15478445798509163,-0.052548824638733914,0.8700552475388886,-0.6388446155805918,0.6447875374394682,-1.0154056149001691,-0.08203140646264019,28.00690192209966,9.943595748157046,7.48
1.4071659639838099,1.4091531952450451,0.3477791178717194,-1.4670163322350471,-0.3401706493805614,0.24046304557295908,-0.5522535994221461,-0.25132385348196223,-0.020738947201149764,-0.08203140646264019,7.631384368489216,12.384921147817483,2.69
0.9804702641854887,-0.22104363846981115,2.2904033029066486,0.7224147345621426,-0.16599965550912155,-0.5187990529118603,1.2012144777863816,-0.11606175673910471,0.2555573493819112,-0.08203140646264019,6.207421307506054,11.275873783000847,2.21
0.9804702641854887,-0.22104363846981115,-0.07716992260467141,-0.2236357263996051,-0.012601348980146766,-0.05394470690074653,-0.6388446155805918,0.1037391504680387,0.9739277204978696,-0.08203140646264019,7.574586847012329,29.866405122863686,0
-1.5797039346044384,-0.22104363846981115,-1.0484820151221361,0.3169645370071078,-0.1500206652456867,0.8190843762657402,-0.16259402670913975,0.8984039688323258,-0.5180722810506595,-0.08203140646264019,27.756573849878933,29.866405122863686,0
0.9804702641854887,-1.0361420553272391,-1.0484820151221361,-0.11551567371826482,-1.0863894946829693,0.5556669135261089,-0.5306058453825345,-0.18369280511053315,-0.020738947201149764,-0.08203140646264019,8.85726392251816,29.866405122863686,0
-1.1530082348061172,0.5940547783876169,0.044244088960011675,-0.25066573956994304,-0.4600130763563228,0.7546571949764806,-0.6388446155805918,-0.09915399464624729,-1.0154056149001691,-0.08203140646264019,27.422157297470754,12.384921147817483,4.88
0.9804702641854887,0.5940547783876169,-0.6842399804280869,0.7224147345621426,1.9080732806847231,0.670657199118332,-0.16259402670913975,1.2703747348751835,-0.2417759844675985,-0.08203140646264019,7.488511996478098,29.866405122863686,0
0.9804702641854887,-0.22104363846981115,1.56191923351855,-2.5482168590484733,-0.8786626212583162,0.4688125488766641,-1.5696980392838844,0.39117110604661054,1.4712610543473796,-0.08203140646264019,7.4043714122480075,11.275873783000847,11.16
0.12707886458884635,-0.22104363846981115,-1.0484820151221361,-0.007395621036920702,-1.551378111348924,-2.1408960603085365,0.681668380835707,-0.2175083292962474,0.9739277204978696,-0.08203140646264019,6.0830185633575455,11.275873783000847,0
1.4071659639838099,1.4091531952450451,-0.1985839341693545,0.10072443164442342,0.4907368443180513,0.20702615401777352,0.3136565621623121,0.1206469125608961,0.9739277204978696,-0.08203140646264019,7.446100618778584,11.275873783000847,196.48
-0.2996168352094748,1.4091531952450451,-0.31999794573403756,-1.0345361215096744,-1.4027735018989795,-1.9814591749661281,-1.0934474504124325,-0.8261877646391059,-0.5180722810506595,-0.08203140646264019,4.343452784503632,9.943595748157046,0
0.5537745643871675,-1.0361420553272391,-1.2306030324691606,0.8845948135841549,-0.42485929777676634,0.5776863299161089,1.4609875262617193,1.101297113946612,-0.2417759844675985,-0.08203140646264019,27.153798282024674,6.452944629818965,0
1.833861663782131,-0.22104363846981115,-0.31999794573403756,0.15478445798509163,-0.11966058374516036,-0.30879906326648876,-0.03270750247147109,1.084389351853755,-1.7337759860161277,-0.08203140646264019,5.89992736077482,29.866405122863686,8
0.12707886458884635,-0.22104363846981115,-0.31999794573403756,0.7224147345621426,-0.16599965550912155,-0.3744495454663038,0.5950773646772611,0.06992362628232446,1.7475573509304405,-0.08203140646264019,6.049932549290903,12.384921147817483,7.73
-0.2996168352094748,-1.0361420553272391,-0.7449469862104283,-2.5482168590484733,-0.8786626212583162,0.4688125488766641,-1.5696980392838844,1.5070834041751844,-0.7391093183171081,-0.08203140646264019,9.523396216374422,11.275873783000847,6.44
-0.726312535007796,-0.22104363846981115,-0.5021189630810622,0.5332046423697923,-0.5814534023584279,-0.34264372179185915,-0.31412830498641997,0.1206469125608961,-0.5180722810506595,-0.08203140646264019,9.489881040109484,18.57022332592398,0
1.833861663782131,-0.22104363846981115,0.3477791178717194,-0.14254568688859895,-0.8083550640992029,-1.2152650379881604,0.053883513686974804,0.9491272551108975,-0.5180722810506595,-0.08203140646264019,4.497381961259079,29.866405122863686,70.32
0.5537745643871675,-1.0361420553272391,-0.6235329746457453,0.15478445798509163,-0.052548824638733914,0.8700552475388886,-0.6388446155805918,0.6955108237180399,-1.0154056149001691,-0.08203140646264019,26.83434183164791,9.943595748157046,56.04
0.5537745643871675,1.4091531952450451,-0.5021189630810622,0.8575648004138208,-0.789180275783081,-0.4392844937257488,0.400247578320758,0.6955108237180399,-0.5180722810506595,-0.08203140646264019,6.161937046004843,9.943595748157046,0
-1.1530082348061172,-0.22104363846981115,-1.0484820151221361,0.6413246950511363,0.5386738151083559,0.6963465182399986,-0.22753728882797428,1.6423455009180419,-1.0154056149001691,-0.08203140646264019,27.173942508024094,29.866405122863686,1.61
1.4071659639838099,1.4091531952450451,3.201008389641772,0.1818144711554296,-1.252570993422692,-1.929265002782424,-0.03270750247147109,-1.789930203931965,-0.020738947201149764,0.5229502161993311,4.136621699527269,6.452944629818965,0
-0.2996168352094748,0.5940547783876169,0.7120211525657686,-0.6561159371249777,-0.31780006301175273,0.649453316668702,-0.4440148292240888,-0.25132385348196223,0.7528906832314212,-0.08203140646264019,26.880104088391636,9.943595748157046,0
0.5537745643871675,-0.22104363846981115,-0.1985839341693545,1.1278649321171772,0.31976164849929806,0.11487081875592103,0.27036105408308936,0.23900124721089622,-0.020738947201149764,-0.08203140646264019,9.387839308495403,18.57022332592398,1.9
-0.2996168352094748,-0.22104363846981115,0.529900135218744,0.8845948135841549,0.8934073989566096,0.5454727392714792,0.8332026591129871,0.49261767860375383,-0.5180722810506595,-0.08203140646264019,9.308181443511412,6.452944629818965,6.54
-0.726312535007796,-0.22104363846981115,-1.0484820151221361,-0.7912660029766561,-1.374011319424797,-1.9696339328307575,-1.1583907125312667,-0.5218480469676766,1.968594388196889,-0.08203140646264019,3.9485934404578473,15.427682764590774,0
0.5537745643871675,0.5940547783876169,-0.6842399804280869,0.3710245633477799,0.09925158286389725,0.47859895616110854,0.6600206267960953,0.1206469125608961,1.2502240170809307,-0.08203140646264019,26.574648360114455,6.452944629818965,19.23
0.5537745643871675,0.5940547783876169,-1.1698960266868192,0.1818144711554296,-1.212623517764105,-1.9158086927663127,-0.2924805509468086,-0.25132385348196223,0.4765943866483602,-0.08203140646264019,3.776915464785767,29.866405122863686,0
1.4071659639838099,1.4091531952450451,-0.927068003557453,1.1278649321171772,1.693954811154696,0.5683076896018497,1.9155903610935598,1.5747144525466128,-1.236442652166618,-0.08203140646264019,9.279042691474448,12.384921147817483,5.86
0.5537745643871675,-0.22104363846981115,-0.13787692838701296,-0.061455647377592765,-1.1151516771571521,-1.880740733330387,-0.270832796907197,-0.944542099289106,-1.7337759860161277,-0.08203140646264019,3.61954398708636,29.866405122863686,7.4
-0.2996168352094748,0.5940547783876169,0.044244088960011675,0.398054576518114,-0.37852022601280516,0.6033756490377761,-0.4440148292240888,0.23900124721089622,-0.5180722810506595,-0.08203140646264019,26.492124221236768,29.866405122863686,0
1.4071659639838099,1.4091531952450451,-0.07716992260467141,0.04666440530375136,0.5770233917405997,-0.707187393137417,0.7682593969941526,0.1206469125608961,0.4765943866483602,-0.08203140646264019,11.811006187785848,12.384921147817483,0
-1.5797039346044384,-1.0361420553272391,-0.927068003557453,1.3170750243095275,0.740009092427635,0.3383271184174041,0.4651908404395925,1.4563601178966128,0.2555573493819112,-0.08203140646264019,9.243427663438256,6.452944629818965,43.32
-0.726312535007796,1.4091531952450451,1.319091210389184,-0.034425634207254814,0.23667089912943695,0.5540358456453682,-0.4656625832637002,-0.5556635711533912,-0.5180722810506595,-0.08203140646264019,26.19776728544525,9.943595748157046,0
1.4071659639838099,1.4091531952450451,3.3224224012064547,-0.4669058449326275,-0.9649491686808646,-1.8285465611466827,0.09717902176619755,-1.2657895790533924,-1.236442652166618,-0.08203140646264019,3.770762227602906,11.275873783000847,0
-0.2996168352094748,0.5940547783876169,-1.0484820151221361,0.01963439213341341,0.3293490426573593,1.066191160197964,0.7249638889149298,-0.420401474410534,-0.2417759844675985,-0.08203140646264019,25.909879732857938,15.427682764590774,0
-1.5797039346044384,-0.22104363846981115,0.3477791178717194,0.1818144711554296,1.2737073672263595,0.3477057587316632,-0.2924805509468086,0.17137019883946716,-0.020738947201149764,-0.08203140646264019,9.594732532887345,12.384921147817483,82.75
-1.5797039346044384,-1.8512404721846674,-0.5021189630810622,0.6683547082214705,0.600991877135752,0.7257057400933323,-0.22753728882797428,1.084389351853755,-0.2417759844675985,-0.08203140646264019,25.628250605326873,11.275873783000847,0
-0.2996168352094748,-0.22104363846981115,-0.07716992260467141,-0.7912660029766561,-1.374011319424797,-1.9696339328307575,-1.1583907125312667,-0.8092800025462489,-0.7391093183171081,-0.08203140646264019,3.62573291115664,15.427682764590774,0
-0.726312535007796,-0.22104363846981115,0.7120211525657686,0.15478445798509163,2.1845098122421462,0.8284630165799993,-0.6171968615409804,-0.3527704260391049,-0.5180722810506595,-0.08203140646264019,10.341214853980333,18.57022332592398,0
-1.1530082348061172,-1.8512404721846674,-1.3520170440338437,1.019744879435833,-0.054146723665077535,0.39337565939240443,1.6991128206974453,0.9660350172037548,0.2555573493819112,-0.08203140646264019,10.23675813828356,15.427682764590774,8.71
-1.1530082348061172,-1.8512404721846674,-0.6842399804280869,-0.2236357263996051,-0.19316393895696085,0.3285407111329597,-0.6171968615409804,0.32354005767518207,-0.7391093183171081,-0.08203140646264019,10.221490556900726,11.275873783000847,0
0.9804702641854887,-0.22104363846981115,1.986868273994941,-0.3587857922512833,2.7677429568575183,1.1962688236870387,0.20541779196425483,-1.4179594378891072,-0.020738947201149764,-0.08203140646264019,25.35267801817282,12.384921147817483,0
0.12707886458884635,1.4091531952450451,-0.6842399804280869,0.15478445798509163,1.1123195655656675,0.2543271225592554,-0.3357760590260315,0.9153117309251833,-0.2417759844675985,-0.08203140646264019,10.120287680099729,11.275873783000847,3.63
-1.1530082348061172,-1.0361420553272391,0.40848612365406095,0.15478445798509163,-0.052548824638733914,0.8700552475388886,-0.6388446155805918,-0.14987728092481895,0.7528906832314212,-0.08203140646264019,25.08296867755396,9.943595748157046,0
0.9804702641854887,-0.22104363846981115,1.7440402508655748,0.20884448432576372,1.013249825932371,0.6119387554116651,1.0063846914298789,0.5095254406966107,1.968594388196889,2.9428767068472164,10.056657408726203,11.275873783000847,0
1.4071659639838099,1.4091531952450451,1.319091210389184,-0.6020559107843058,0.5690338966088823,0.26044362711203317,-0.03270750247147109,-0.7585567162676772,0.7528906832314212,-0.08203140646264019,9.959019958156047,15.427682764590774,5.23
0.12707886458884635,-0.22104363846981115,-0.6235329746457453,1.1008349189468394,0.47315995502827307,0.22496790070592168,1.8506470989747252,1.2703747348751835,-0.2417759844675985,-0.08203140646264019,9.913548612404545,15.427682764590774,16.4
0.9804702641854887,-0.22104363846981115,-1.0484820151221361,0.3710245633477799,-0.09409419932366468,0.8459969962979627,0.16212228388503208,1.084389351853755,-0.7391093183171081,-0.08203140646264019,24.81893742831655,11.275873783000847,0
0.5537745643871675,0.5940547783876169,-0.6842399804280869,0.04666440530375136,-1.012886139471169,-1.8464883078348309,0.7249638889149298,-1.215066292774821,-0.020738947201149764,-0.08203140646264019,3.491446507039728,6.452944629818965,8.31
1.833861663782131,-0.22104363846981115,-0.5021189630810622,-1.7913764902790719,-0.611813483858954,0.49450186799833074,-1.2882772367689355,0.9153117309251833,-0.5180722810506595,-0.08203140646264019,24.560406830104924,15.427682764590774,105.66
-1.1530082348061172,-1.8512404721846674,0.044244088960011675,0.2899345238367699,-0.007807651901116353,0.42191934730536756,0.09717902176619755,-0.08224623255339047,-0.2417759844675985,-0.08203140646264019,9.975324339905454,12.384921147817483,1.63
-0.2996168352094748,0.5940547783876169,-1.1091890209044777,1.3981650638205336,1.019641422037745,0.4533174040096267,1.6558173126182225,2.3186559846323287,-0.5180722810506595,-0.08203140646264019,9.896594865000687,9.943595748157046,2.77
0.9804702641854887,0.5940547783876169,1.865454262430258,-2.467126819537463,-1.7367343984047683,-2.213070814031315,-1.223333974650101,-0.9276343371962489,-1.236442652166618,-0.08203140646264019,4.562263922518159,11.275873783000847,0
-1.1530082348061172,-1.8512404721846674,-0.8056539919927699,0.01963439213341341,-0.13563957400859522,0.3595310008670336,-0.7254356317390377,0.7124185858108972,-0.5180722810506595,-0.08203140646264019,9.829991174673577,9.943595748157046,0
0.9804702641854887,-0.22104363846981115,0.529900135218744,-1.7373164639384036,-1.7335386003520812,-2.0674980056752026,-1.266629482729324,-1.8068379660248222,2.963261055895909,-0.08203140646264019,8.129895076674737,6.452944629818965,4.62
-1.1530082348061172,-1.8512404721846674,-0.8056539919927699,0.6683547082214705,0.44279987352774675,0.1776669321644403,2.4134887040046236,0.6786030616251824,1.7475573509304405,-0.08203140646264019,9.738972737871041,29.866405122863686,15.45
1.833861663782131,3.8544484458173294,-0.07716992260467141,-1.1967162005316907,-1.5737486977177326,-2.0699446074963137,-0.833674401937095,-0.5387558090605341,-0.5180722810506595,-0.08203140646264019,7.778905569007264,6.452944629818965,0
-1.5797039346044384,-1.8512404721846674,-0.8056539919927699,1.2089549716281833,-0.18837024187793022,-0.15221654671537682,0.8764981671922099,0.7462341099966114,0.2555573493819112,-0.08203140646264019,9.791367483395163,12.384921147817483,0.55
-0.2996168352094748,-0.22104363846981115,-1.2306030324691606,0.3710245633477799,-0.24749250585263924,0.7697445728733323,-0.11929851862991699,0.05301586418946705,0.4765943866483602,-0.08203140646264019,25.39648511020693,18.57022332592398,3.78
-1.1530082348061172,0.5940547783876169,0.40848612365406095,-0.061455647377592765,-0.4312508938821401,-0.709633994958528,-0.7687311398182606,0.8307729204608973,-1.236442652166618,-0.08203140646264019,5.77681598062954,29.866405122863686,0
-0.726312535007796,-0.22104363846981115,0.10495109474235322,0.01963439213341341,-0.3753244279601181,0.7383465161690732,-0.1842417807487511,0.6616952995323256,-0.020738947201149764,-0.08203140646264019,25.175908731531354,18.57022332592398,4.95
0.5537745643871675,-1.0361420553272391,-0.1985839341693545,0.15478445798509163,0.42202718618528123,0.2898028489653669,-0.6171968615409804,0.0022925779108954017,-0.5180722810506595,-0.08203140646264019,9.707355051727934,18.57022332592398,10.34
0.12707886458884635,-0.22104363846981115,-0.25929093995169605,-0.25066573956994304,-1.1503054557367087,-1.892158208495572,-0.6388446155805918,-0.9614498613819634,0.7528906832314212,-0.08203140646264019,3.6635377032168805,9.943595748157046,0.95
0.5537745643871675,0.5940547783876169,1.4405052219538672,-1.872466529790082,-1.7111680139832726,-2.054857229599462,-1.50475477716505,-2.29716306671768,-1.236442652166618,-0.08203140646264019,7.071732335461149,9.943595748157046,0
0.12707886458884635,-0.22104363846981115,0.10495109474235322,-1.5751363849163875,-1.7063743169042418,-2.1808572233866848,-0.6171968615409804,-1.9251923006748224,2.1896314254633378,-0.08203140646264019,6.482421307506054,6.452944629818965,24.24
-1.1530082348061172,-0.22104363846981115,-0.13787692838701296,0.15478445798509163,0.011367136415005525,0.09122033448518034,-0.05435525651108247,0.4249866302323248,-0.5180722810506595,-0.08203140646264019,9.71305455576642,6.452944629818965,4.25
0.12707886458884635,-0.22104363846981115,-1.1698960266868192,0.1818144711554296,-1.252570993422692,-1.929265002782424,-0.03270750247147109,-0.5556635711533912,1.2502240170809307,-0.08203140646264019,3.569967437588712,6.452944629818965,0
-1.1530082348061172,-1.8512404721846674,0.8941421699127933,-0.4669058449326275,-0.9649491686808646,-1.8285465611466827,0.09717902176619755,-2.263347542531966,1.2502240170809307,-0.08203140646264019,3.450968523002422,11.275873783000847,0
-0.2996168352094748,-0.22104363846981115,0.2263651063070363,0.398054576518114,-0.37852022601280516,0.6033756490377761,-0.4440148292240888,0.1206469125608961,-0.7391093183171081,-0.08203140646264019,24.971606623132047,29.866405122863686,0
-1.5797039346044384,-1.0361420553272391,1.7440402508655748,-0.6561159371249777,-0.31780006301175273,0.649453316668702,-0.4440148292240888,-1.0967119581248206,1.2502240170809307,-0.08203140646264019,24.72189055690072,9.943595748157046,30.32
-1.1530082348061172,-1.8512404721846674,-0.5628259688634037,0.5332046423697923,-0.5814534023584279,-0.34264372179185915,-0.31412830498641997,-0.014615184181961413,0.4765943866483602,-0.08203140646264019,9.664277282947078,18.57022332592398,0
0.9804702641854887,-0.22104363846981115,-0.6842399804280869,-0.11551567371826482,-1.2190151138694787,0.4830843928331457,-0.5306058453825345,-0.14987728092481895,-1.7337759860161277,-0.08203140646264019,7.085811138014527,15.427682764590774,0
-0.2996168352094748,-0.22104363846981115,-0.1985839341693545,0.4250845896884481,0.059304107205310104,0.9234727206331482,-0.07600301055069385,0.13755467465375293,-1.236442652166618,-0.08203140646264019,24.777317383070024,12.384921147817483,1.58
-0.726312535007796,0.5940547783876169,0.10495109474235322,0.10072443164442342,-1.1790676382108916,0.5022494404318493,-0.8553221559767064,-0.5049402848748196,-0.2417759844675985,-0.08203140646264019,5.9048426150121065,12.384921147817483,0
-1.1530082348061172,-1.8512404721846674,-0.13787692838701296,0.7224147345621426,1.9080732806847231,0.670657199118332,-0.16259402670913975,0.5095254406966107,-1.0154056149001691,-0.08203140646264019,9.57875270522188,29.866405122863686,174.63
0.5537745643871675,-1.0361420553272391,-0.9877750093397946,0.3710245633477799,-0.09409419932366468,0.8459969962979627,0.16212228388503208,0.999850541389469,-1.236442652166618,-0.08203140646264019,24.549892702843845,11.275873783000847,14.29
1.4071659639838099,1.4091531952450451,1.0155561814774763,-1.899496542960416,-1.3404554398715838,-0.7993427283992692,-0.833674401937095,-2.3309785909033947,2.1896314254633378,-0.08203140646264019,14.256509281678774,12.384921147817483,11.19
-0.2996168352094748,0.5940547783876169,-1.1698960266868192,0.5061746291994581,0.34532803292079417,0.6074533187396279,0.010588005607751663,0.9153117309251833,-0.020738947201149764,-0.08203140646264019,24.450282094078375,12.384921147817483,9.41
-0.2996168352094748,0.5940547783876169,-1.0484820151221361,0.04666440530375136,-1.012886139471169,-1.8464883078348309,0.7249638889149298,-0.5218480469676766,1.968594388196889,-0.08203140646264019,3.339646957744279,6.452944629818965,0
-1.1530082348061172,-1.8512404721846674,-0.6842399804280869,0.3710245633477799,0.09925158286389725,0.47859895616110854,0.6600206267960953,0.1206469125608961,0.7528906832314212,-0.08203140646264019,24.305663997019927,6.452944629818965,0
1.833861663782131,3.8544484458173294,-1.1698960266868192,0.5872646687104643,0.04332511694187524,0.03821062836110596,0.07553126772658618,1.9128696944037564,0.2555573493819112,-0.08203140646264019,5.437003275886626,18.57022332592398,2.75
-0.726312535007796,-1.0361420553272391,-1.0484820151221361,0.3169645370071078,-0.1500206652456867,0.8190843762657402,-0.16259402670913975,0.8984039688323258,-0.5180722810506595,-0.08203140646264019,24.074181482762594,29.866405122863686,6.58
-0.726312535007796,-0.22104363846981115,-0.07716992260467141,-0.25066573956994304,-0.9665470677072079,-0.5159446841205638,-0.6388446155805918,0.9660350172037548,-1.236442652166618,-0.08203140646264019,5.2877253161151465,29.866405122863686,1.43
-0.2996168352094748,0.5940547783876169,-1.5341380613808684,0.5061746291994581,0.34532803292079417,0.6074533187396279,0.010588005607751663,0.08683138837518128,-1.5127389487496792,-0.08203140646264019,23.909142034812003,12.384921147817483,31.72
-0.726312535007796,-0.22104363846981115,-0.8663609977751114,0.1818144711554296,-1.212623517764105,-1.9158086927663127,-0.2924805509468086,-1.2319740548676783,1.2502240170809307,-0.08203140646264019,3.2352829903147704,29.866405122863686,0
0.5537745643871675,0.5940547783876169,1.0762631872598178,-0.007395621036920702,0.8822221057722054,0.8235698129377773,-0.4440148292240888,-0.11606175673910471,0.7528906832314212,-0.08203140646264019,11.026570663948004,6.452944629818965,0.43
-1.5797039346044384,-1.0361420553272391,-0.7449469862104283,0.3710245633477799,0.1983213224971932,0.5303853613746276,-0.14094627266952836,0.8476806825537542,1.4712610543473796,-0.08203140646264019,23.982140707383856,11.275873783000847,5.33
0.5537745643871675,0.5940547783876169,0.5906071410010856,-2.5752468722188073,-1.6392625577978157,-2.020197037133721,-1.3965160069669926,-2.212624256253394,0.9739277204978696,-0.08203140646264019,3.6498111380145275,18.57022332592398,4.61
-1.5797039346044384,-1.8512404721846674,0.16565810052469476,0.2899345238367699,-0.007807651901116353,0.42191934730536756,0.09717902176619755,-0.3865859502248192,-1.7337759860161277,-0.08203140646264019,10.934426571218022,12.384921147817483,0
-0.726312535007796,-0.22104363846981115,-1.4127240498161853,-1.5210763585757154,-1.3788050165038273,-0.8193233099383436,-1.4181637610066042,-2.4155174013676803,2.465927722046399,-0.08203140646264019,13.818436527153235,9.943595748157046,10.73
0.9804702641854887,-0.22104363846981115,0.16565810052469476,1.019744879435833,-0.054146723665077535,0.39337565939240443,1.6991128206974453,-0.420401474410534,-1.5127389487496792,-0.08203140646264019,10.84016427319028,11.275873783000847,1.56
0.9804702641854887,-0.22104363846981115,1.6226262393008917,-1.7102864507680657,-1.6328709616924417,-2.0075562610579802,-1.0934474504124325,-1.9251923006748224,1.2502240170809307,-0.08203140646264019,7.848388899236356,9.943595748157046,9.96
0.5537745643871675,0.5940547783876169,0.8941421699127933,-0.2236357263996051,-0.2363072126682348,0.29999702321999655,-0.05435525651108247,-0.7078334299891058,0.9739277204978696,-0.08203140646264019,10.760846629829679,29.866405122863686,0
-1.5797039346044384,-1.8512404721846674,-1.0484820151221361,0.5061746291994581,0.404450296895503,0.6351814727122205,0.010588005607751663,1.101297113946612,-1.0154056149001691,-0.08203140646264019,23.809435700834005,18.57022332592398,0
0.5537745643871675,-1.0361420553272391,-0.4414119572987207,-0.6561159371249777,-0.670935747833663,0.6368125405929611,-0.7254356317390377,0.28972453348946786,-1.236442652166618,-0.08203140646264019,23.591000510918096,6.452944629818965,0
-0.726312535007796,-0.22104363846981115,-0.25929093995169605,1.046774892606171,0.2973910621304896,0.1487154772812919,1.071327953548713,0.7631418720894683,0.9739277204978696,-0.08203140646264019,10.66965301432265,11.275873783000847,1.29
0.9804702641854887,-0.22104363846981115,-0.25929093995169605,0.20884448432576372,0.9461380668259448,0.5776863299161089,0.9847369373902671,0.81386515836804,-1.236442652166618,-0.08203140646264019,10.590832400756911,29.866405122863686,1.38
1.833861663782131,3.8544484458173294,-0.13787692838701296,-1.412956305894375,-1.012886139471169,-0.9673427201155667,-1.1367429584916553,-0.14987728092481895,-0.7391093183171081,-0.08203140646264019,5.084687141582771,15.427682764590774,0.36
-1.1530082348061172,0.5940547783876169,-0.016462916822329865,0.15478445798509163,-0.052548824638733914,0.8700552475388886,-0.6388446155805918,0.06992362628232446,-1.0154056149001691,-0.08203140646264019,23.37653686990975,9.943595748157046,3.93
-0.2996168352094748,-0.22104363846981115,-1.4127240498161853,1.2900450111391897,0.6441351508470259,0.2995892562498113,1.0063846914298789,2.284840460446614,0.2555573493819112,-0.08203140646264019,10.514075464083938,18.57022332592398,0
-0.2996168352094748,-1.0361420553272391,0.044244088960011675,0.398054576518114,0.16476544294398007,0.974851358876482,0.22706554600386622,-0.26823161557481906,-0.020738947201149764,-0.08203140646264019,23.201342844054707,6.452944629818965,3.94
-0.2996168352094748,0.5940547783876169,1.986868273994941,-0.007395621036920702,2.630323640591979,1.1192008663220383,-0.4440148292240888,-0.8600032888248201,1.968594388196889,-0.08203140646264019,23.029366568661363,11.275873783000847,0
-0.2996168352094748,0.5940547783876169,0.28707211208937783,1.1278649321171772,1.693954811154696,0.5683076896018497,1.9155903610935598,0.7631418720894683,0.7528906832314212,-0.08203140646264019,10.427182278430351,12.384921147817483,6.43
-0.2996168352094748,-1.0361420553272391,-0.9877750093397946,0.6683547082214705,-0.4216634997240793,-0.6346048724444535,0.16212228388503208,1.405636831618041,-1.5127389487496792,-0.08203140646264019,4.848452784503633,18.57022332592398,1.76
1.4071659639838099,1.4091531952450451,1.7440402508655748,-0.4398758317622895,2.2676005616120074,0.8879969942270367,0.11882677580580893,-0.7923722404533917,-0.7391093183171081,-0.08203140646264019,10.39441848926289,29.866405122863686,0
-0.2996168352094748,0.5940547783876169,-0.6235329746457453,0.5061746291994581,0.404450296895503,0.6351814727122205,0.010588005607751663,0.5433409648823255,-1.236442652166618,-0.08203140646264019,22.825566864513913,18.57022332592398,14.57
0.5537745643871675,-1.0361420553272391,-0.8056539919927699,-3.11584713562552,-1.7367343984047683,-1.8101970474883493,-1.7428800716007762,-1.1981585306819638,0.2555573493819112,-0.08203140646264019,14.899055690072638,15.427682764590774,0
-0.2996168352094748,-1.0361420553272391,2.533231326036015,0.15478445798509163,-0.052548824638733914,0.8700552475388886,-0.6388446155805918,-1.5363137725391072,-1.236442652166618,-0.08203140646264019,22.753149611316424,9.943595748157046,0
0.9804702641854887,-0.22104363846981115,-0.3807049515163791,0.23587449749610165,-0.03976563242798607,0.060637811721291277,-0.24918504286758564,0.4249866302323248,-0.7391093183171081,-0.08203140646264019,10.309911021870509,18.57022332592398,1.52
0.5537745643871675,-1.0361420553272391,2.0475752797772824,-0.6561159371249777,-0.31780006301175273,0.649453316668702,-0.4440148292240888,-1.299605103239107,1.968594388196889,-0.08203140646264019,22.55529613643541,9.943595748157046,0
-0.2996168352094748,-0.22104363846981115,0.9548491756951348,0.3710245633477799,0.1983213224971932,0.5303853613746276,-0.14094627266952836,-0.3358626639462481,-1.5127389487496792,-0.08203140646264019,22.36085392836269,11.275873783000847,29.48
-0.726312535007796,-0.22104363846981115,-0.31999794573403756,-0.3587857922512833,-0.34656224548593545,0.6270261333085168,-0.9419131721351522,0.6616952995323256,-0.2417759844675985,-0.08203140646264019,22.421701330684378,11.275873783000847,0
-0.726312535007796,-0.22104363846981115,0.044244088960011675,-1.7913764902790719,-0.611813483858954,0.49450186799833074,-1.2882772367689355,-0.16678504301767635,-0.5180722810506595,-0.08203140646264019,22.23168691262773,15.427682764590774,0
-0.2996168352094748,-1.0361420553272391,-1.2306030324691606,0.5061746291994581,0.404450296895503,0.6351814727122205,0.010588005607751663,1.490175642082327,-1.0154056149001691,-0.08203140646264019,22.044866014202288,18.57022332592398,0
0.9804702641854887,-0.22104363846981115,-0.016462916822329865,0.8845948135841549,-0.24589460682629585,-1.4297504643055692,10.163384650185526,0.35735558186089633,0.2555573493819112,-0.08203140646264019,10.629905569007263,11.275873783000847,0
-0.2996168352094748,-0.22104363846981115,1.197677198824501,-0.3587857922512833,-0.34656224548593545,0.6270261333085168,-0.9419131721351522,-0.18369280511053315,-1.5127389487496792,-0.08203140646264019,21.861158797417268,11.275873783000847,0
-1.1530082348061172,-1.8512404721846674,-0.25929093995169605,-1.899496542960416,-1.6360667597451286,-2.1066436348129804,-1.5264025312046616,-0.8430955267319631,0.7528906832314212,-0.08203140646264019,7.999218263576617,9.943595748157046,0
0.12707886458884635,-0.22104363846981115,0.529900135218744,-1.1426561741910186,-1.5353991210854891,-2.048332958076499,-1.1367429584916553,-1.0967119581248206,-1.0154056149001691,-0.08203140646264019,7.465937046004843,11.275873783000847,6.38
0.9804702641854887,-0.22104363846981115,0.16565810052469476,0.2899345238367699,-0.2027513331150217,0.7938028241142583,0.09717902176619755,0.15446243674661034,-0.7391093183171081,-0.08203140646264019,21.680488063554318,6.452944629818965,1.72
-1.1530082348061172,0.5940547783876169,0.10495109474235322,-0.9534460819986683,-0.5542891189105886,0.5878805041707386,-0.8986176640559292,0.5771564890680397,-0.020738947201149764,-0.08203140646264019,10.239024642661876,18.57022332592398,0
1.4071659639838099,1.4091531952450451,-0.07716992260467141,0.3169645370071078,-0.47758996564610134,-0.28474081202556256,0.5950773646772611,-0.420401474410534,-0.020738947201149764,-0.08203140646264019,10.15711244552058,29.866405122863686,71.3
-1.5797039346044384,-1.8512404721846674,-0.016462916822329865,-0.2236357263996051,-0.19316393895696085,0.3285407111329597,-0.6171968615409804,-0.16678504301767635,-1.0154056149001691,-0.08203140646264019,10.642373457857719,11.275873783000847,0
0.9804702641854887,0.5940547783876169,-0.25929093995169605,0.398054576518114,-0.37852022601280516,0.6033756490377761,-0.4440148292240888,0.6616952995323256,-0.020738947201149764,-0.08203140646264019,21.516877505656332,29.866405122863686,0
0.12707886458884635,0.5940547783876169,-1.0484820151221361,0.1818144711554296,-1.212623517764105,-1.9158086927663127,-0.2924805509468086,-0.6402023816176771,0.7528906832314212,-0.08203140646264019,3.1372441118203835,29.866405122863686,0
0.5537745643871675,0.5940547783876169,3.0188873722947474,-1.6021663980867253,-1.3372596418188967,-1.7812455926052009,-1.223333974650101,-1.2826973411462494,0.4765943866483602,-0.08203140646264019,26.689527845036316,29.866405122863686,0
1.4071659639838099,1.4091531952450451,-1.0484820151221361,1.019744879435833,1.76905606539284,0.6033756490377761,1.0280324454694902,1.4563601178966128,0.4765943866483602,-0.08203140646264019,10.558575241654113,18.57022332592398,746.28
0.9804702641854887,-0.22104363846981115,-0.7449469862104283,0.6683547082214705,0.44279987352774675,0.1776669321644403,2.4134887040046236,0.81386515836804,0.9739277204978696,-0.08203140646264019,16.30639887257869,29.866405122863686,0
-0.726312535007796,-0.22104363846981115,-0.25929093995169605,0.5602346555401263,0.7288237992432308,0.4732979855487013,0.9414414293110444,0.47570991651089645,-2.0100722825991886,-0.08203140646264019,16.179992679768006,12.384921147817483,2.47
0.5537745643871675,-0.22104363846981115,-0.07716992260467141,-0.007395621036920702,0.2846078699197415,0.5789096308266648,-0.4656625832637002,-0.03152294627481883,-0.7391093183171081,-0.08203140646264019,21.34194354219571,15.427682764590774,103.39
-0.726312535007796,-0.22104363846981115,-0.8663609977751114,0.04666440530375136,0.3676986192896026,1.088210576587964,-0.42236707518447725,-0.06533847046053307,-0.7391093183171081,-0.08203140646264019,22.00362141685542,12.384921147817483,0
0.12707886458884635,-0.22104363846981115,-1.0484820151221361,0.3169645370071078,-0.1500206652456867,0.8190843762657402,-0.16259402670913975,0.881496206739469,-0.5180722810506595,-0.08203140646264019,21.82759244552058,29.866405122863686,0
-0.726312535007796,-0.22104363846981115,0.6513141467834271,-0.14254568688859895,-0.2395030107209218,0.8150067065638883,0.4868385944792039,0.28972453348946786,0.7528906832314212,-0.08203140646264019,21.654357584841843,11.275873783000847,24.59
-0.726312535007796,-0.22104363846981115,0.8941421699127933,0.20884448432576372,0.9461380668259448,0.5776863299161089,0.9847369373902671,0.28972453348946786,-1.7337759860161277,-0.08203140646264019,16.074531197615944,29.866405122863686,0
-0.2996168352094748,-0.22104363846981115,-1.0484820151221361,0.1818144711554296,-1.212623517764105,-1.9158086927663127,-0.2924805509468086,-0.3189549018533907,0.4765943866483602,-0.08203140646264019,3.0449722261786074,29.866405122863686,28.66
1.4071659639838099,0.5940547783876169,0.16565810052469476,-1.6562264244273937,-1.2605604885544095,0.4631038112940716,-1.3315727448481585,-0.36967818813196235,0.4765943866483602,-0.08203140646264019,5.061293670010377,9.943595748157046,0
1.4071659639838099,1.4091531952450451,-1.0484820151221361,1.046774892606171,0.2973910621304896,0.1487154772812919,1.071327953548713,2.0481317911466137,0.7528906832314212,-0.08203140646264019,15.951824852595974,11.275873783000847,0
0.5537745643871675,-1.0361420553272391,-0.31999794573403756,0.01963439213341341,0.4699641569755858,0.31997760475907067,-0.4440148292240888,0.06992362628232446,-0.2417759844675985,-0.08203140646264019,15.830977694621762,6.452944629818965,1.56
1.4071659639838099,1.4091531952450451,0.40848612365406095,0.12775444481475753,0.29419526407780233,1.0458028116887046,-0.3574238130656429,-0.5049402848748196,0.2555573493819112,-0.08203140646264019,21.67747287944939,9.943595748157046,2.18
-0.726312535007796,1.4091531952450451,-0.3807049515163791,0.01963439213341341,-0.2810483854058526,-1.298857266876124,-0.4440148292240888,0.05301586418946705,0.2555573493819112,-0.08203140646264019,9.663550517279331,6.452944629818965,0
-0.2996168352094748,-0.22104363846981115,0.5906071410010856,1.019744879435833,-0.054146723665077535,0.39337565939240443,1.6991128206974453,-0.3865859502248192,0.7528906832314212,-0.08203140646264019,15.723677110451673,15.427682764590774,0
1.833861663782131,1.4091531952450451,0.8334351641304517,0.15478445798509163,2.1845098122421462,0.8284630165799993,-0.6171968615409804,0.2728167713966104,-0.7391093183171081,-0.08203140646264019,15.606336236493078,18.57022332592398,42.87
0.5537745643871675,0.5940547783876169,0.044244088960011675,0.23587449749610165,0.00018184323060107678,0.8957445666605552,-0.5739013534617574,0.1206469125608961,-0.5180722810506595,-0.08203140646264019,21.52514887257869,15.427682764590774,20.03
-1.1530082348061172,-0.22104363846981115,2.0475752797772824,-2.4130667931967946,-1.7255491052203638,-2.2073620764487223,-1.3532204988877699,-2.29716306671768,-0.5180722810506595,-0.08203140646264019,14.899055690072638,29.866405122863686,0
0.9804702641854887,-0.22104363846981115,3.1403013838594305,0.6683547082214705,0.44279987352774675,0.1776669321644403,2.4134887040046236,-2.3309785909033947,0.9739277204978696,-0.08203140646264019,15.808289301407944,29.866405122863686,26
1.4071659639838099,-1.0361420553272391,-0.9877750093397946,-1.7913764902790719,-0.611813483858954,0.49450186799833074,-1.2882772367689355,0.8984039688323258,-0.2417759844675985,-0.08203140646264019,21.51355857124087,15.427682764590774,0.96
0.9804702641854887,-0.22104363846981115,0.3477791178717194,0.2899345238367699,-0.2027513331150217,0.7938028241142583,0.09717902176619755,-0.03152294627481883,-1.0154056149001691,-0.08203140646264019,21.35545427453902,6.452944629818965,5.97
1.4071659639838099,1.4091531952450451,-0.3807049515163791,1.019744879435833,1.76905606539284,0.6033756490377761,1.0280324454694902,0.8476806825537542,1.4712610543473796,-0.08203140646264019,15.883228350662296,18.57022332592398,0
0.5537745643871675,-1.0361420553272391,0.40848612365406095,-0.8182960161469901,-1.5098327366639932,-2.0679057726453878,-1.1583907125312667,-0.62329461952482,-0.7391093183171081,-0.08203140646264019,3.8098426150121063,12.384921147817483,0
0.5537745643871675,0.5940547783876169,0.5906071410010856,-2.5752468722188073,-1.6392625577978157,-2.020197037133721,-1.3965160069669926,-2.212624256253394,0.9739277204978696,-0.08203140646264019,3.265579384296091,18.57022332592398,10.93
-1.1530082348061172,0.5940547783876169,-0.5021189630810622,0.7764747609028146,0.3836776095530375,0.14708440940055123,1.2878054939448276,0.7800496341823258,0.7528906832314212,-0.08203140646264019,15.767292377299798,6.452944629818965,10.02
0.9804702641854887,-0.22104363846981115,0.28707211208937783,0.15478445798509163,-0.11966058374516036,-0.30879906326648876,-0.03270750247147109,0.5433409648823255,-0.7391093183171081,-0.08203140646264019,4.701383604289174,29.866405122863686,0
-0.726312535007796,0.5940547783876169,-1.0484820151221361,-0.7912660029766561,-1.374011319424797,-1.9696339328307575,-1.1583907125312667,-0.5725713332462483,1.2502240170809307,-0.08203140646264019,3.7768301625735043,15.427682764590774,0
-1.1530082348061172,0.5940547783876169,-0.25929093995169605,0.7224147345621426,0.15997174586494967,-0.8172844750874176,1.9155903610935598,0.6447875374394682,2.963261055895909,-0.08203140646264019,8.858254640839386,18.57022332592398,3.19
0.9804702641854887,-0.22104363846981115,0.2263651063070363,-0.034425634207254814,0.23667089912943695,0.5540358456453682,-0.4656625832637002,0.08683138837518128,-1.5127389487496792,-0.08203140646264019,21.238008058702842,9.943595748157046,0
0.9804702641854887,-0.22104363846981115,-0.07716992260467141,0.2899345238367699,-0.2027513331150217,0.7938028241142583,0.09717902176619755,0.28972453348946786,-0.2417759844675985,-0.08203140646264019,21.077114058258125,6.452944629818965,2.03
-0.2996168352094748,-0.22104363846981115,1.8047472566479164,-0.25066573956994304,-0.4600130763563228,0.7546571949764806,-0.6388446155805918,-1.012173147660535,0.4765943866483602,-0.08203140646264019,20.93390267436145,12.384921147817483,0
-1.5797039346044384,0.5940547783876169,-0.6842399804280869,-0.007395621036920702,0.2846078699197415,0.5789096308266648,-0.4656625832637002,0.4588021544180396,-1.0154056149001691,-0.08203140646264019,20.777679520075164,15.427682764590774,11.53
0.9804702641854887,-0.22104363846981115,1.2583842046068425,0.12775444481475753,2.021524111555111,0.733861079497036,-0.3574238130656429,-0.2006005672033906,-0.020738947201149764,-0.08203140646264019,15.725645331087481,9.943595748157046,0
0.12707886458884635,-0.22104363846981115,-0.07716992260467141,1.1008349189468394,0.47315995502827307,0.22496790070592168,1.8506470989747252,0.881496206739469,1.2502240170809307,-0.08203140646264019,15.612511192014908,15.427682764590774,2
-0.726312535007796,-0.22104363846981115,-1.2306030324691606,0.4250845896884481,-1.0416483219453518,0.575647495065183,-0.07600301055069385,0.28972453348946786,0.7528906832314212,-0.08203140646264019,4.42863196125908,11.275873783000847,0
-1.5797039346044384,0.5940547783876169,-1.0484820151221361,0.6683547082214705,0.600991877135752,0.7257057400933323,-0.22753728882797428,1.5070834041751844,-0.5180722810506595,-0.08203140646264019,20.709178190296836,11.275873783000847,95.18
-1.5797039346044384,-1.0361420553272391,1.6833332450832332,-0.9264160688283343,-0.950568077443773,-1.8220222896237197,-0.8986176640559292,-1.789930203931965,-0.5180722810506595,-0.08203140646264019,3.671918213613129,9.943595748157046,0
-0.2996168352094748,-1.0361420553272391,1.1369701930421594,-0.196605713229271,-0.4951668549358796,0.7322300116162954,-0.6171968615409804,-0.18369280511053315,0.4765943866483602,-0.08203140646264019,21.256757762427004,15.427682764590774,0
-0.726312535007796,0.5940547783876169,0.28707211208937783,-0.9264160688283343,-0.950568077443773,-1.8220222896237197,-0.8986176640559292,-1.6715758692819647,-1.0154056149001691,-0.08203140646264019,3.572677180812774,9.943595748157046,0
-1.5797039346044384,-0.22104363846981115,0.529900135218744,-0.2236357263996051,-0.2363072126682348,0.29999702321999655,-0.05435525651108247,-0.7923722404533917,-1.236442652166618,-0.08203140646264019,15.515278969214803,29.866405122863686,3.5
-0.2996168352094748,-1.0361420553272391,-0.927068003557453,0.9386548399248269,0.44279987352774675,0.5646377868701832,2.348545441885789,1.693068787196613,0.4765943866483602,-0.08203140646264019,15.430064224752286,12.384921147817483,49.59
-0.2996168352094748,-0.22104363846981115,-1.4127240498161853,-1.5210763585757154,-1.3788050165038273,-0.8193233099383436,-1.4181637610066042,-2.4155174013676803,2.465927722046399,-0.08203140646264019,13.43238196125908,9.943595748157046,22.03
0.5537745643871675,0.5940547783876169,-0.6842399804280869,1.3441050374798618,0.2462582932874978,0.08102616023055065,1.590874050499388,0.7631418720894683,0.2555573493819112,-0.08203140646264019,15.67062715274699,12.384921147817483,2.51
0.9804702641854887,-0.22104363846981115,0.7727281583481102,-0.4939358581029616,-0.12445428082419079,-0.48536216135667476,-0.5955491075013688,0.6278797753466113,0.4765943866483602,-0.08203140646264019,4.487684349548759,9.943595748157046,278.53
-0.2996168352094748,0.5940547783876169,1.865454262430258,0.2629045106664358,1.4622594523348904,0.46432711220462697,-0.22753728882797428,-1.4348671999819642,-1.7337759860161277,-0.08203140646264019,15.578594795035475,11.275873783000847,0
0.5537745643871675,0.5940547783876169,0.40848612365406095,-0.034425634207254814,-1.4826684532161538,-2.1205077117992768,-0.24918504286758564,-1.7222991555605363,0.9739277204978696,-0.08203140646264019,3.4786593602650697,18.57022332592398,0
0.5537745643871675,-1.0361420553272391,-0.31999794573403756,0.4521146028587861,0.8374809330345876,0.10263780965036541,-0.05435525651108247,1.2534669727823267,-0.5180722810506595,-0.08203140646264019,16.402567638698812,15.427682764590774,7.02
0.12707886458884635,-0.22104363846981115,0.3477791178717194,0.6953847213918046,1.9719892417384626,0.703278556733147,0.20541779196425483,0.881496206739469,-0.020738947201149764,-0.08203140646264019,15.470410108958838,11.275873783000847,0
-0.726312535007796,-0.22104363846981115,-0.31999794573403756,0.10072443164442342,0.4907368443180513,0.20702615401777352,0.3136565621623121,0.15446243674661034,0.7528906832314212,-0.08203140646264019,15.363717625448778,11.275873783000847,0
-0.2996168352094748,-1.0361420553272391,0.3477791178717194,0.4250845896884481,-1.0416483219453518,0.575647495065183,-0.07600301055069385,-0.8600032888248201,-0.7391093183171081,-0.08203140646264019,3.936561743341404,11.275873783000847,0
0.5537745643871675,0.5940547783876169,-0.31999794573403756,-0.16957570005893305,-0.29383157761660045,-1.0297310665539001,-0.3574238130656429,0.03610810209661023,0.7528906832314212,-0.08203140646264019,8.42223505308251,9.943595748157046,3.52
0.9804702641854887,-0.22104363846981115,1.986868273994941,-0.007395621036920702,2.630323640591979,1.1192008663220383,-0.4440148292240888,-0.8600032888248201,1.968594388196889,-0.08203140646264019,21.101598946642866,11.275873783000847,11.06
0.5537745643871675,-1.0361420553272391,1.319091210389184,0.12775444481475753,0.29419526407780233,1.0458028116887046,-0.3574238130656429,-1.1305274823105351,0.4765943866483602,-0.08203140646264019,21.028833736884582,9.943595748157046,6.1
0.9804702641854887,1.4091531952450451,2.776059349165381,0.04666440530375136,1.1410817480398499,-0.46048837617537847,0.7249638889149298,-1.0628964339391065,1.968594388196889,0.5229502161993311,16.011627320419695,12.384921147817483,0
0.5537745643871675,0.5940547783876169,-0.9877750093397946,0.4791446160291202,0.1168284721536755,0.9495698067250001,-0.3574238130656429,-0.3527704260391049,-0.020738947201149764,-0.08203140646264019,20.92143205532426,18.57022332592398,1.01
-1.1530082348061172,-1.8512404721846674,0.8941421699127933,-3.11584713562552,-1.7271470042467074,-2.182896058237611,-1.5913457933234958,-2.4155174013676803,-1.7337759860161277,-0.08203140646264019,7.39806598062954,29.866405122863686,6.84
-1.1530082348061172,-0.22104363846981115,-0.6842399804280869,0.2899345238367699,1.5229796153359432,0.49735623678962726,-0.2058895347883629,1.5239911662680412,-1.0154056149001691,-0.08203140646264019,15.258486682808718,9.943595748157046,2.35
0.5537745643871675,0.5940547783876169,-1.0484820151221361,-0.25066573956994304,-1.1503054557367087,-1.892158208495572,-0.6388446155805918,-0.62329461952482,-0.5180722810506595,-0.08203140646264019,3.389462966412119,9.943595748157046,31.86
-1.5797039346044384,-1.0361420553272391,0.10495109474235322,0.01963439213341341,-0.32578955814347016,0.7644436022609251,-0.42236707518447725,0.03610810209661023,-1.0154056149001691,-0.08203140646264019,20.779207540643377,6.452944629818965,0.33
0.5537745643871675,0.5940547783876169,-1.2306030324691606,0.6413246950511363,-1.5082348376376498,-2.1298863521135365,0.16212228388503208,-0.8600032888248201,0.9739277204978696,-0.08203140646264019,4.1012263922518155,12.384921147817483,0
-0.726312535007796,-0.22104363846981115,0.8334351641304517,0.23587449749610165,0.3501217299998244,-0.12285732486204314,-0.24918504286758564,-0.7923722404533917,-0.020738947201149764,-0.08203140646264019,15.371162227602905,12.384921147817483,0
-1.1530082348061172,-1.8512404721846674,-1.2306030324691606,0.2899345238367699,0.6537225450050868,0.43863779308296036,1.1146234616279362,0.81386515836804,-0.5180722810506595,-0.08203140646264019,15.170673848231786,15.427682764590774,0
0.9804702641854887,-0.22104363846981115,0.7727281583481102,-0.25066573956994304,-0.4600130763563228,0.7546571949764806,-0.6388446155805918,-0.5894790953391055,0.2555573493819112,-0.08203140646264019,20.63417769992959,12.384921147817483,37.71
0.9804702641854887,1.4091531952450451,-0.9877750093397946,0.5602346555401263,1.097938474328576,-0.48862429711815636,0.400247578320758,1.3549135453394694,0.7528906832314212,-0.08203140646264019,14.779963680387413,15.427682764590774,86.45
1.4071659639838099,1.4091531952450451,-0.9877750093397946,0.5602346555401263,0.7288237992432308,0.4732979855487013,0.9414414293110444,1.6592532630108987,-0.7391093183171081,-0.08203140646264019,15.068169295203194,12.384921147817483,0
-1.1530082348061172,-1.8512404721846674,0.40848612365406095,-1.1967162005316907,-1.5737486977177326,-2.0699446074963137,-0.833674401937095,-1.1136197202176779,-1.7337759860161277,-0.08203140646264019,7.365238570004273,6.452944629818965,0
