dr_name,dataset_name,n_components,n_neighbors,RMSE,MAE,MAE_percentage,R2,residuals_mean,residuals_var,n_instances
ISOMAP,Credit,2,3,9104.93772359621,6110.438112753128,1.2050485175815615,7.44888015269396e-05,-303.6529204919317,92008539.8382689,40.0
ISOMAP,Credit,2,3,9104.93772359621,6110.438112753128,1.2050485175815615,7.44888015269396e-05,-303.6529204919317,92008539.8382689,40.0
ISOMAP,Credit,2,6,9104.687950270922,6109.652309492905,1.2049189312911126,0.000129349428107,-302.86709423215905,92004015.77226648,40.0
ISOMAP,Credit,4,3,9104.953738056278,6110.486426533909,1.2050567179121314,7.09713076703089e-05,-303.70122872346894,92008831.26201868,40.0
ISOMAP,Credit,4,3,9104.953738056278,6110.486426533909,1.2050567179121314,7.09713076703089e-05,-303.70122872346894,92008831.26201868,40.0
ISOMAP,Credit,4,6,9104.68795085453,6109.652311196941,1.2049189317877338,0.0001293492999239,-302.8670962334536,92004015.78272754,40.0
ISOMAP,Credit,6,3,9105.28169454677,6111.253968427885,1.205214583860126,-1.0640107797055265e-06,-304.4687702336643,92014948.3388899,40.0
ISOMAP,Credit,6,3,9105.28169454677,6111.253968427885,1.205214583860126,-1.0640107797055265e-06,-304.4687702336643,92014948.3388899,40.0
ISOMAP,Credit,6,6,9104.687951078336,6109.652311384723,1.204918931805602,0.0001293492507677,-302.867096142043,92004015.7873172,40.0
ISOMAP,Credit,8,3,9105.322133953554,6111.318733894811,1.2052342927870732,-9.946666137627956e-06,-304.5335353676936,92015722.7654455,40.0
ISOMAP,Credit,8,3,9105.322133953554,6111.318733894811,1.2052342927870732,-9.946666137627956e-06,-304.5335353676936,92015722.7654455,40.0
ISOMAP,Credit,8,6,9104.687951357064,6109.6523120216425,1.2049189319255391,0.0001293491895482,-302.8670966568276,92004015.79261015,40.0
ISOMAP,Credit,10,3,9105.328607209362,6111.331402831178,1.2052372867087595,-1.1368542794043536e-05,-304.54620422638726,92015845.17195164,40.0
ISOMAP,Credit,10,3,9105.328607209362,6111.331402831178,1.2052372867087595,-1.1368542794043536e-05,-304.54620422638726,92015845.17195164,40.0
ISOMAP,Credit,10,6,9104.687951657746,6109.65231238711,1.2049189320136433,0.0001293491235064,-302.8670968753173,92004015.79854672,40.0
ISOMAP,Admission,2,5,0.0739713599167799,0.057828338529331,0.0887922979040281,0.7605616090509723,0.0136019912677322,0.005353668781256,320.0
ISOMAP,Admission,2,6,0.0742223565707916,0.0581054060582015,0.0878275891015449,0.7589339467638634,0.0135491990645695,0.0053927872603852,320.0
ISOMAP,Admission,2,17,0.0763573501585416,0.0578223755978704,0.0901038672851154,0.7448660361141088,0.0071296590627493,0.0058527725416537,320.0
ISOMAP,Facebook,2,5,256.3060512126187,133.4747314685963,1.5786666716999145,-0.0598151800920603,68.17033060406209,61662.22011468524,400.0
ISOMAP,Facebook,2,7,256.20469474450016,133.58697280008016,1.5836843522660795,-0.0589771360153958,67.57183237581114,61691.811190401815,400.0
ISOMAP,Facebook,2,20,255.1626136296924,131.98346365319233,1.5841675674379032,-0.0503801365050999,70.13683967704571,60796.75062065864,400.0
ISOMAP,Facebook,4,5,255.86193671112605,132.94294307929405,1.5715670608394554,-0.0561455710195459,68.72066364634334,61356.36469249941,400.0
ISOMAP,Facebook,4,7,255.88149249664772,133.01654703687737,1.5701153917553636,-0.0563070217286729,68.48679560385486,61398.88588911901,400.0
ISOMAP,Facebook,4,20,255.99589787071784,132.0606696563736,1.5651290245383864,-0.0572517888890098,71.46158639710542,61037.51656186267,400.0
ISOMAP,Facebook,6,5,255.8057914732454,132.88892530007402,1.5696597812377655,-0.0556821098335238,68.75999844428932,61321.88440928772,400.0
ISOMAP,Facebook,6,7,255.70649893713144,132.95994340515233,1.5747065176931228,-0.0548627303355335,68.22726214822102,61344.29727115469,400.0
ISOMAP,Facebook,6,20,254.87558662022457,131.6083681864535,1.55671302569956,-0.048018364953454,70.02307199071082,60664.98388281548,400.0
ISOMAP,Facebook,8,5,255.74968522820217,132.94989702316968,1.574795910714874,-0.055219072126192,68.57470185736824,61318.59773686621,400.0
ISOMAP,Facebook,8,7,255.7325253980715,132.94415408088082,1.573504065127144,-0.0550774745125406,68.28038714451901,61350.4174523938,400.0
ISOMAP,Facebook,8,20,254.94576553673068,131.68484193143678,1.5603081644934036,-0.0485955792718688,69.91136253668789,60716.91389229641,400.0
ISOMAP,ForestFires,2,6,11.331941754295114,4.9639388192375,2951949579519559.5,-0.133477020921946,3.532499493210187,117.05992747896606,413.0
ISOMAP,ForestFires,2,7,11.332107572653182,4.979923207697861,3066134079202800.0,-0.1335101931139184,3.484635299779358,117.40285244693575,413.0
ISOMAP,ForestFires,2,20,11.344368983808277,4.962255562268191,3008113488839192.0,-0.1359644503707573,3.49095795923797,117.63906502362062,413.0
ISOMAP,ForestFires,4,6,11.37363737746916,4.984411599516457,2992292616169175.0,-0.1418335726434121,3.501151082330016,118.23847672289072,413.0
ISOMAP,ForestFires,4,7,11.367682067094997,4.983325925484018,3000717431220860.5,-0.1406381427488192,3.501576900767132,118.09871939614553,413.0
ISOMAP,ForestFires,4,20,11.324168022420372,4.977477113229682,3065526209295603.0,-0.1319224198944659,3.4832833493955486,117.2307371341215,413.0
ISOMAP,PremiumPrice,2,6,5873.235615329038,4495.817845120938,0.2013293556311387,-0.0175475001738998,1179.946409443123,33270656.683626022,788.0
ISOMAP,PremiumPrice,2,9,5872.712817746676,4495.134003475321,0.2013197827637463,-0.0173663571952968,1177.2959433624646,33270764.26441999,788.0
ISOMAP,PremiumPrice,2,28,5873.326706038894,4494.877671028348,0.2013023978935612,-0.017579063642132,1178.4700819674922,33275231.586963914,788.0
ISOMAP,PremiumPrice,4,6,5897.008837087562,4515.421416692053,0.2019420356903903,-0.0258016693997891,1213.3113439293843,33471637.48153021,788.0
ISOMAP,PremiumPrice,4,9,5895.766484139778,4514.555887908861,0.2019313236666883,-0.0253694931829873,1209.9322235877728,33465142.32013358,788.0
ISOMAP,PremiumPrice,4,28,5896.014287153741,4514.1291526611885,0.201904968213965,-0.0254556889274417,1210.8136372810156,33465934.682227816,788.0
ISOMAP,HousePrice,2,7,92616.24940275672,59919.109170214666,0.3145727575853809,-0.0642467300766245,23246.47550419306,8064990861.78503,1168.0
ISOMAP,HousePrice,2,10,92615.408805985,59921.79660602178,0.3146006443388585,-0.0642274116889414,23238.294196677136,8065216234.671804,1168.0
ISOMAP,HousePrice,2,34,92610.58532876524,59913.51808230027,0.3145477107815539,-0.0641165631148059,23231.33032435995,8064644451.679444,1168.0
ISOMAP,HousePrice,11,7,92637.85620500938,59988.7574104866,0.3152295565770824,-0.064743352453056,23137.218463368645,8074092525.839166,1168.0
ISOMAP,HousePrice,11,10,92638.02247049022,59986.73280074957,0.3152113696296836,-0.0647471744375358,23139.870453326872,8074000288.566047,1168.0
ISOMAP,HousePrice,11,34,92632.6024226592,59978.31078808317,0.3151447690021501,-0.0646225860312688,23141.83025576527,8072901647.457993,1168.0
ISOMAP,HousePrice,20,7,92644.69065331014,60005.33398583115,0.3153853863979264,-0.0649004632094027,23113.701488870887,8076454600.829632,1168.0
ISOMAP,HousePrice,20,10,92645.2241970643,60003.73587455219,0.3153658842052738,-0.0649127288367796,23117.83292233861,8076362141.957904,1168.0
ISOMAP,HousePrice,20,34,92639.33379898575,59996.1072423255,0.3153109792060258,-0.0647773185005302,23117.448118451543,8075284844.293806,1168.0
ISOMAP,HousePrice,29,7,92648.25774827128,60013.36097407494,0.3154578887516693,-0.064982468431253,23103.21352602674,8077604216.700311,1168.0
ISOMAP,HousePrice,29,10,92648.19718269102,60012.38176524895,0.3154480626622311,-0.0649810760411171,23104.18075951762,8077548108.622765,1168.0
ISOMAP,HousePrice,29,34,92642.24371923668,60004.479892278425,0.3153912145292782,-0.064844211592641,23104.475141156145,8076427548.239019,1168.0
ISOMAP,HousePrice,38,7,92650.65125525036,60018.55548038288,0.3155036570262241,-0.0650374953893231,23096.52503518588,8078359323.442431,1168.0
ISOMAP,HousePrice,38,10,92650.53066344524,60017.56054512932,0.3154936832508299,-0.0650347229379961,23097.907366662435,8078272825.39427,1168.0
ISOMAP,HousePrice,38,34,92644.88428347264,60009.97575871147,0.3154383181293261,-0.064904914561418,23098.66755689204,8077187742.853304,1168.0
ISOMAP,HousePrice,47,7,92652.15277098391,60021.954582881015,0.3155339807181784,-0.0650720161075857,23092.139642013408,8078841766.174009,1168.0
ISOMAP,HousePrice,47,10,92652.2547717909,60021.11469611161,0.3155253971927418,-0.0650743611856372,23093.238103085005,8078809825.146506,1168.0
ISOMAP,HousePrice,47,34,92646.4539030865,60014.32882335254,0.315479827642772,-0.0649409987945242,23091.9694870552,8077790030.513702,1168.0
ISOMAP,HousePrice,56,7,92653.35132297984,60024.76132268797,0.3155592941463944,-0.0650995719151783,23088.5585605694,8079230572.826831,1168.0
ISOMAP,HousePrice,56,10,92653.4374127262,60023.966436336006,0.3155511550921254,-0.0651015512109796,23089.32212901428,8079211199.521796,1168.0
ISOMAP,HousePrice,56,34,92648.07324943996,60017.59350661837,0.3155086358070144,-0.0649782268442022,23088.41020645562,8078256051.422105,1168.0
ISOMAP,HousePrice,65,7,92654.0142883402,60026.89460773312,0.3155803907115122,-0.0651148142488386,23084.794804639376,8079528229.796977,1168.0
ISOMAP,HousePrice,65,10,92654.6566219957,60026.28844321128,0.3155706327897916,-0.0651295823399771,23086.91002259347,8079549669.999287,1168.0
ISOMAP,HousePrice,65,34,92649.33635935956,60020.2572077859,0.315532141644454,-0.065007265629037,23085.397517888017,8078630492.051837,1168.0
ISOMAP,HousePrice,74,7,92654.63412944767,60028.63911860172,0.3155973053544608,-0.0651290652051399,23081.968467362185,8079774417.667986,1168.0
ISOMAP,HousePrice,74,10,92655.47740056034,60028.083822582375,0.3155865524624859,-0.0651484532620398,23084.67214130041,8079805972.854605,1168.0
ISOMAP,HousePrice,74,34,92650.64034205914,60022.67132628067,0.3155528107155125,-0.0650372444907705,23082.82132845457,8078992297.1518,1168.0
ISOMAP,HousePrice,83,7,92655.26040437396,60030.05521439092,0.3156103779671556,-0.0651434641801615,23079.941604184347,8079984756.823846,1168.0
ISOMAP,HousePrice,83,10,92656.25169250614,60029.62319927882,0.3156001792516993,-0.0651662555407091,23082.79250834029,8080037027.404847,1168.0
ISOMAP,HousePrice,83,34,92651.49324833445,60024.64548722035,0.3155704116939224,-0.0650568532301594,23080.425230871173,8079261877.367805,1168.0
ISOMAP,HousePrice,92,7,92655.86566975024,60031.41719909891,0.315622724770902,-0.0651573802074332,23078.1633837828,8080179666.013506,1168.0
ISOMAP,HousePrice,92,10,92656.73032064676,60030.99722632016,0.3156133263802786,-0.0651772600838849,23080.65615496742,8080224988.554687,1168.0
ISOMAP,HousePrice,92,34,92652.41574497374,60026.421630130266,0.3155856645506118,-0.0650780620898243,23078.49474762759,8079522822.269587,1168.0
ISOMAP,WineQuality,2,8,0.79596264827326,0.6041711206525747,0.1081848035162104,0.113336220698013,-0.0104510370329266,0.6340943483204244,3918.0
ISOMAP,WineQuality,2,15,0.7970516099159008,0.6028501712065971,0.1080883768295816,0.1109084602236288,-0.0081123784908564,0.6358743095209963,3918.0
ISOMAP,WineQuality,2,62,0.7919162858055364,0.6015546769150987,0.1078734290498289,0.122328209592267,-0.0134449087658086,0.6275910371698354,3918.0
ISOMAP,WineQuality,4,8,0.7202327572350012,0.5332183663434303,0.0947740329269285,0.2740289026929244,0.014131501357002,0.5190651836143562,3918.0
ISOMAP,WineQuality,4,15,0.7240196918518008,0.5331354545162744,0.0951900956802373,0.2663746197747662,0.0061876149153588,0.5247016374449636,3918.0
ISOMAP,WineQuality,4,62,0.7128310877417762,0.534006422475664,0.0957014376401804,0.2888735136060361,-0.0174298746591594,0.5083430765455363,3918.0
ISOMAP,BankHappiness,2,8,0.3091787689151061,0.1740862409614733,412234866355982.2,0.0057498644596144,-0.0089828151112009,0.0955501250448103,7695.0
ISOMAP,BankHappiness,2,19,0.3099653643213133,0.1740767780967645,411740827543403.6,0.0006843973529996,-0.0087728806699964,0.0960410704599087,7695.0
ISOMAP,BankHappiness,2,87,0.3070907515529863,0.1741266890073551,416296500664623.3,0.0191337164789452,-0.0107460950361435,0.0942280121395479,7695.0
ISOMAP,BankHappiness,4,8,0.3083317411909584,0.1744840476109455,415777230371528.5,0.0111901076115467,-0.0101114144674486,0.0950053026730783,7695.0
ISOMAP,BankHappiness,4,19,0.3083598133877401,0.1737801573288527,412274098904073.06,0.0110100461660782,-0.0093063214951035,0.0950382612001149,7695.0
ISOMAP,BankHappiness,4,87,0.3045567069027069,0.173526296469155,417150060118561.2,0.0352547087637671,-0.0117255441178028,0.0926554134495152,7695.0
ISOMAP,BankHappiness,6,8,0.3074204215727597,0.1742879201328178,416926317470690.9,0.0170266144293036,-0.0107802337047988,0.0944299462362067,7695.0
ISOMAP,BankHappiness,6,19,0.3050658120540931,0.1737546668413637,417495420308148.0,0.0320266247857491,-0.0115997234812271,0.0929688391430446,7695.0
ISOMAP,BankHappiness,6,87,0.302087631491788,0.1733498194530393,426422353547569.0,0.0508338973672284,-0.0156848172201222,0.0910483766640728,7695.0
ISOMAP,BankHappiness,8,8,0.307275942981684,0.1734649754268089,412956526862004.5,0.0179503347000197,-0.0098763933244943,0.0943597772008785,7695.0
ISOMAP,BankHappiness,8,19,0.3039574075457256,0.1729587322417705,416273753385977.25,0.0390477782570992,-0.0117467823172094,0.0922900825419693,7695.0
ISOMAP,BankHappiness,8,87,0.3033753728239872,0.1734861701286401,426831648475274.2,0.0427244253684732,-0.0151793897050011,0.0918439832947149,7695.0
ISOMAP,NYCPropertySales,2,9,1.2941590619857413,0.2469098070900157,1.114683547222992,0.023626257452437,0.0174808771912714,1.6750373767756706,13528.0
ISOMAP,OnlineNewsPopularity,2,9,7666.245712186821,2229.292229463855,0.6794599308122604,-0.0537010539112476,1741.825273582847,55751428.92595002,15858.0
LLE,Credit,2,3,9104.2457429563,6111.97507598533,1.20610414721729,0.000226472883701,-308.723552093408,91991089.2405787,40.0
LLE,Credit,2,3,9104.2457429563,6111.97507598533,1.20610414721729,0.000226472883701,-308.723552093408,91991089.2405787,40.0
LLE,Credit,2,6,9106.91909150676,6112.30284947375,1.20568248531133,-0.000360755447752,-304.198665706931,92048265.0122582,40.0
LLE,Credit,4,3,9107.58965375905,6114.11124360211,1.2065114371753,-0.000508078346071,-307.631279145393,92059502.5526113,40.0
LLE,Credit,4,3,9107.58965375905,6114.11124360211,1.2065114371753,-0.000508078346071,-307.631279145393,92059502.5526113,40.0
LLE,Credit,4,6,9106.81596632776,6110.49898435872,1.20496351095193,-0.000338099751168,-301.53767365153,92047968.9732566,40.0
LLE,Credit,6,3,9108.96722768164,6113.07860242993,1.20588462048174,-0.000810766132038,-303.661556790028,92090081.793229,40.0
LLE,Credit,6,3,9108.96722768164,6113.07860242993,1.20588462048174,-0.000810766132038,-303.661556790028,92090081.793229,40.0
LLE,Credit,6,6,9107.86869775755,6112.81901249015,1.2058164887703,-0.000569387663303,-304.097810141527,92067551.9305099,40.0
LLE,Credit,8,3,9108.18677468721,6113.6341589054,1.20587494718095,-0.000639275275127,-304.16216580868,92073946.3327528,40.0
LLE,Credit,8,3,9108.18677468721,6113.6341589054,1.20587494718095,-0.000639275275127,-304.16216580868,92073946.3327528,40.0
LLE,Credit,8,6,9108.28108595835,6113.69432445353,1.20610863032489,-0.000659997742272,-304.99255569439,92075293.2019973,40.0
LLE,Credit,10,3,9108.80151244864,6114.52349186929,1.20617472825054,-0.00077435188736,-305.32750625863,92085600.1190093,40.0
LLE,Credit,10,3,9108.80151244864,6114.52349186929,1.20617472825054,-0.00077435188736,-305.32750625863,92085600.1190093,40.0
LLE,Credit,10,6,9108.50909169286,6114.02960157222,1.20611071404128,-0.000710097002786,-304.773827378407,92080056.430663,40.0
LLE,Admission,2,5,0.086809326050217,0.065918356573761,0.103149494198279,0.670238956708928,0.001615768278454,0.007628605956621,320.0
LLE,Admission,2,6,0.097262438368509,0.076004799507813,0.121950722206158,0.586041422798783,-0.004661506823279,0.009557723819265,320.0
LLE,Admission,2,17,0.074946256555006,0.061615351999734,0.093903217640151,0.754208720617108,0.011520987957417,0.005553628565158,320.0
LLE,Facebook,2,5,259.168919560014,133.994080354819,1.5891894434942,-0.083623095783191,72.2051830506654,62580.7478853789,400.0
LLE,Facebook,2,7,259.241844247169,133.925510813946,1.58729283273119,-0.084232999108601,72.544159401305,62569.3724701327,400.0
LLE,Facebook,2,20,251.225436651254,131.697014193569,1.58121451428723,-0.018215340449332,65.0406088628142,59478.7264842099,400.0
LLE,Facebook,4,5,257.918429833528,131.232836795592,1.37642773675592,-0.073191362914867,73.6007687789865,61722.063922156,400.0
LLE,Facebook,4,7,259.881325107064,133.206370626905,1.53878617823522,-0.089588626810217,74.4144811324388,62627.0587244379,400.0
LLE,Facebook,4,20,251.369988263164,129.048657744854,1.48265767832937,-0.019387411356625,66.758165783695,59323.4528289088,400.0
LLE,Facebook,6,5,255.707444450468,129.945580728185,1.35734589943429,-0.054870531377959,72.2414807327467,60775.2177867971,400.0
LLE,Facebook,6,7,256.112560988743,132.804764598225,1.60587280324404,-0.058215635545856,69.5899064206254,61364.5341622032,400.0
LLE,Facebook,6,20,253.484931978306,129.471807645542,1.46230063404681,-0.036613148807792,70.0342765208317,59949.3038911619,400.0
LLE,Facebook,8,5,254.9054090234,129.847465748138,1.41304316573699,-0.048263631713861,71.7828318465072,60428.2753550331,400.0
LLE,Facebook,8,7,255.977716754262,132.867273808791,1.59019676820744,-0.057101619800584,68.6923751014754,61420.1505834783,400.0
LLE,Facebook,8,20,253.484994152734,130.176046618581,1.50354256524515,-0.036613657325889,68.6504981152332,60143.1832011537,400.0
LLE,ForestFires,2,6,11.3352778723612,4.83274945426553,2357905240043250.0,-0.134144509313977,3.74104195829187,115.604713291591,413.0
LLE,ForestFires,2,7,11.1662463076352,4.77733080910617,2139335661113450.0,-0.100572000121046,3.76631893876073,111.572712800466,413.0
LLE,ForestFires,2,20,11.3869031545477,4.81546091039434,1888274013117120.0,-0.144498708299626,3.93868643708431,115.25654864605,413.0
LLE,ForestFires,4,6,11.3413257461658,4.94657964741288,2651871518772306.0,-0.135355065028562,3.64113763894018,116.487861970809,413.0
LLE,ForestFires,4,7,11.3067954440341,4.80297915833011,2312395847935780.0,-0.128452085086307,3.71435670271089,115.154431648726,413.0
LLE,ForestFires,4,20,11.4289483977833,4.86062118441482,2017727360285120.0,-0.152966255079592,3.8386872270399,117.010442258485,413.0
LLE,PremiumPrice,2,6,5854.73603857999,4483.89319318899,0.200919402126816,-0.011147432823703,1155.62086158241,33109695.188493,788.0
LLE,PremiumPrice,2,9,5920.3167970003,4541.86342070092,0.203044506285786,-0.033926668279027,1229.83403474581,33707901.1488188,788.0
LLE,PremiumPrice,2,28,5874.55333062288,4496.48868156945,0.201381086718174,-0.018004143974957,1178.70083384806,33289168.2912001,788.0
LLE,PremiumPrice,4,6,5909.56401609305,4526.13131744503,0.202245890906195,-0.030174338410473,1233.68424933688,33570518.1044746,788.0
LLE,PremiumPrice,4,9,5914.11803653957,4526.76402034202,0.20220121645746,-0.031762693369166,1241.37436078368,33605506.6274583,788.0
LLE,PremiumPrice,4,28,5914.454276388,4527.83904012288,0.202308833318437,-0.031880015881614,1238.43598636665,33616827.6529998,788.0
LLE,HousePrice,2,7,92678.2105719866,60082.8808514219,0.316087114697035,-0.065671189177038,23009.6801680341,8087502258.93456,1168.0
LLE,HousePrice,2,10,92635.4465375884,59930.4465334279,0.314578922584799,-0.064687961620313,23289.3134552539,8066559036.18002,1168.0
LLE,HousePrice,2,34,92617.5026449334,59957.403314058,0.314951302691624,-0.0642755321048,23179.3428749467,8068351199.79522,1168.0
LLE,HousePrice,11,7,92652.7254921677,60002.8838038178,0.315301550438916,-0.065085183447426,23154.3023469129,8076063575.92709,1168.0
LLE,HousePrice,11,10,92654.1977071887,60001.2696868753,0.315278319390644,-0.065119031277699,23160.9686457588,8076027512.62087,1168.0
LLE,HousePrice,11,34,92654.5504004447,60030.1487528408,0.315596654570223,-0.065127140160478,23089.859252302,8079393264.6333,1168.0
LLE,HousePrice,20,7,92664.4345070018,60037.5102895023,0.315637256284371,-0.06535440135042,23091.9342606623,8081135114.86005,1168.0
LLE,HousePrice,20,10,92664.6856984344,60039.3582445884,0.315656259686333,-0.065360177207413,23090.8999443246,8081229759.73348,1168.0
LLE,HousePrice,20,34,92663.2975676544,60047.4695096684,0.315753340027993,-0.06532825893853,23065.9340082897,8082127924.72705,1168.0
LLE,HousePrice,29,7,92671.15060329,60050.876750276,0.315755874910799,-0.065508835617851,23074.6475140681,8083184936.43244,1168.0
LLE,HousePrice,29,10,92671.1238757116,60049.2123984486,0.315729142708902,-0.065508221004421,23083.7864542068,8082756676.87501,1168.0
LLE,HousePrice,29,34,92667.4849965831,60053.6443463058,0.315798416813849,-0.065424544896025,23063.6305607999,8083013273.25256,1168.0
LLE,HousePrice,38,7,92674.5552103803,60060.5538125499,0.315850405206089,-0.06558712763322,23058.5537301354,8084563143.39641,1168.0
LLE,HousePrice,38,10,92675.1276939414,60057.509941589,0.31580552097316,-0.065600292692308,23072.3548009094,8084030773.9263,1168.0
LLE,HousePrice,38,34,92670.3247660604,60058.300834148,0.315837328843687,-0.06548984517825,23059.2448644262,8083744374.60696,1168.0
LLE,HousePrice,47,7,92672.8476225757,60067.0896078929,0.315937252968337,-0.065547859749684,23035.2682077028,8085322565.91852,1168.0
LLE,HousePrice,47,10,92677.3894929491,60062.398797821,0.315850939854154,-0.065652306714961,23065.4428034895,8084771444.94835,1168.0
LLE,HousePrice,47,34,92671.7106367397,60061.313019067,0.315864887653665,-0.065521713895245,23055.1697480102,8084190684.76692,1168.0
LLE,HousePrice,56,7,92674.9773520479,60069.7073757449,0.315955420097683,-0.065596835362608,23035.0419284084,8085729123.7225,1168.0
LLE,HousePrice,56,10,92678.2818236389,60066.3900581241,0.315891667431516,-0.0656728277685,23057.4679135221,8085306501.02416,1168.0
LLE,HousePrice,56,34,92673.2049237495,60064.080319206,0.315888029227126,-0.065556076228291,23052.0446289262,8084613180.70604,1168.0
LLE,HousePrice,65,7,92676.955332612,60071.1163835017,0.3159588696461,-0.065642322340486,23037.4981899252,8085983451.01948,1168.0
LLE,HousePrice,65,10,92679.2598862329,60068.121154141,0.315905232937853,-0.065695320637586,23056.0521127428,8085553927.20976,1168.0
LLE,HousePrice,65,34,92674.1308181805,60066.0514119293,0.315904677803535,-0.065577368194317,23049.6461269074,8084896337.48535,1168.0
LLE,HousePrice,74,7,92676.9515957649,60072.8872746265,0.315979361616419,-0.06564223640451,23032.6185422967,8086208334.46492,1168.0
LLE,HousePrice,74,10,92679.2018883753,60070.3436284337,0.31593152503761,-0.065693986832671,23049.3437953236,8085853492.3546,1168.0
LLE,HousePrice,74,34,92674.5455787286,60067.5710181521,0.315920210314214,-0.065586906140632,23046.7739290437,8085106329.9956,1168.0
LLE,HousePrice,83,7,92677.030870083,60074.3235393352,0.315995941451117,-0.065644059470468,23028.8023897151,8086399460.22616,1168.0
LLE,HousePrice,83,10,92678.9880726037,60072.2111716894,0.315954487867884,-0.065689069614686,23043.7317461525,8086073289.18546,1168.0
LLE,HousePrice,83,34,92675.0464611428,60069.0094149975,0.315935077206839,-0.065598424625693,23043.8079963546,8085336658.70728,1168.0
LLE,HousePrice,92,7,92677.4887254009,60075.1960977044,0.316002831182171,-0.065654588767753,23028.1819178991,8086513292.6765,1168.0
LLE,HousePrice,92,10,92678.9729229914,60073.7735591673,0.315973398027436,-0.065688721212633,23039.0645958954,8086286285.85968,1168.0
LLE,HousePrice,92,34,92675.1513846557,60069.6766168341,0.31594272915143,-0.065600837495126,23042.2042781877,8085430336.08924,1168.0
LLE,WineQuality,2,8,0.829956335724007,0.610665547605765,0.110682498252824,0.035984359137905,-0.0546212292932,0.686544596229359,3918.0
LLE,WineQuality,2,15,0.816888581243747,0.60040790468018,0.108308222994809,0.066102437644,-0.049350833029519,0.66555058269336,3918.0
LLE,WineQuality,2,62,0.793633228901475,0.611577206369341,0.110388130963012,0.118518347094147,-0.047783052325968,0.628211514084223,3918.0
LLE,WineQuality,4,8,0.787104249895772,0.580301703587175,0.104282190588981,0.132962052220627,-0.026056659486958,0.619486279557057,3918.0
LLE,WineQuality,4,15,0.765213258765967,0.58177037916965,0.104850658948054,0.180519613041225,-0.067866951907678,0.581538815184261,3918.0
LLE,WineQuality,4,62,0.759110573214242,0.561207739094271,0.099952836896532,0.193538439074185,0.010197066398844,0.576733385657264,3918.0
LLE,BankHappiness,2,8,0.310166331670322,0.174029282271815,411196914655896.0,-0.000611843679302,-0.008578830650506,0.096169116454958,7695.0
LLE,BankHappiness,2,19,0.308540548621813,0.17383890745751,410928610490652.0,0.009850376806023,-0.008603410626442,0.095162396840417,7695.0
LLE,BankHappiness,2,87,0.309563272959598,0.173880206242977,410915601267282.0,0.003275367809206,-0.008602978438874,0.095794814245434,7695.0
LLE,BankHappiness,4,8,0.310189230124998,0.173696433497639,409544030564493.0,-0.000759592215383,-0.008177651434556,0.096190052603172,7695.0
LLE,BankHappiness,4,19,0.305985390354707,0.173437330215107,416423686047707.0,0.026182188218625,-0.01149193548467,0.093533469835729,7695.0
LLE,BankHappiness,4,87,0.306654846122622,0.172908846961776,410561533515838.0,0.021916356333499,-0.009417100052103,0.093987174816553,7695.0
LLE,BankHappiness,6,8,0.310373027499296,0.173572146205856,409071137972221.0,-0.001945909868324,-0.008091932228694,0.09630555244375,7695.0
LLE,BankHappiness,6,19,0.305545799292126,0.173162565781159,416593541278802.0,0.028978230908232,-0.011821101279859,0.093256858551007,7695.0
LLE,BankHappiness,6,87,0.304507925555674,0.171567822004746,407814752066733.0,0.03556373368306,-0.009519659520115,0.092672573982837,7695.0
LLE,BankHappiness,8,8,0.310716885784721,0.173361126698787,407691846679108.0,-0.004167225645487,-0.007690423355251,0.096525546607574,7695.0
LLE,BankHappiness,8,19,0.305186438698439,0.171259568597703,409333876779726.0,0.031260977110611,-0.010146745892705,0.093074092253107,7695.0
LLE,BankHappiness,8,87,0.304707140166618,0.169236472065865,395744491196768.0,0.034301417488017,-0.006443410455994,0.092843115056852,7695.0
LLE,NYCPropertySales,2,9,1.307755781671866,0.248929380362455,1.0717415148525151,0.0030024901972073,0.0230816596271339,1.710198098036806,13528.0
LLE,NYCPropertySales,2,23,1.295693523737358,0.2481778489968517,1.1487353967484562,0.0213095463048568,0.0175355769826489,1.6790106659522253,13528.0
LPP,Admission,2,5,0.0749065402298516,0.0594572839993225,0.09072337699012,0.7544691563012442,0.0149362762694861,0.0054560986535776,320.0
LPP,Admission,2,6,0.07588535032559,0.0598060364987247,0.091394259840748,0.7480104876327027,0.0138159094653882,0.0056381843439814,320.0
LPP,Admission,2,17,0.0755984086975257,0.0600829370005923,0.0923237991998297,0.7499125563848841,0.0136201439098459,0.0055996061544032,320.0
LPP,BankHappiness,2,8,0.3101894759492164,0.1740228279600313,411128995306579.7,-0.0007611784151468,-0.0085551227121176,0.0961838864291721,7695.0
LPP,BankHappiness,2,19,0.3101838697238875,0.1738198450581335,410118487681494.8,-0.0007250041255539,-0.008309350081244,0.0961845535766883,7695.0
LPP,BankHappiness,2,87,0.310184424434751,0.1738386765769386,410212217434073.9,-0.0007285833801942,-0.0083321429342013,0.0961845183801389,7695.0
LPP,BankHappiness,4,8,0.3064671643674096,0.1730996697378062,411361060994811.4,0.0231132216866514,-0.0095813388024629,0.0938689340828866,7695.0
LPP,BankHappiness,4,19,0.3065193186847569,0.1731158624815479,411361267469241.0,0.0227807018986311,-0.0095652377517874,0.0939012255376509,7695.0
LPP,BankHappiness,4,87,0.3065307124328536,0.1730977778457124,411292712241609.7,0.0227080513557406,-0.0095528777507532,0.0939084497469062,7695.0
LPP,BankHappiness,6,8,0.3064553495314812,0.1729950945552381,410624684620503.1,0.0231885415634347,-0.0093588971828121,0.0938659043544282,7695.0
LPP,BankHappiness,6,19,0.3064545561797365,0.172981056168002,410688826935870.3,0.0231935990967607,-0.0094014204801976,0.0938646198223217,7695.0
LPP,BankHappiness,6,87,0.3063115039141008,0.1729355074818127,410930189812637.75,0.0241053281089899,-0.0095541558156177,0.0937740297983069,7695.0
LPP,BankHappiness,8,8,0.3045830082908669,0.1723035227202806,409894714022683.9,0.0350880715795896,-0.0096808273334581,0.0927152292420333,7695.0
LPP,BankHappiness,8,19,0.3048717580897659,0.1723063004154574,409487430862562.06,0.0332576990044545,-0.0095081669312494,0.0928945961459087,7695.0
LPP,BankHappiness,8,87,0.3051474339882917,0.1722531070350338,408772627786787.6,0.031508582937099,-0.0092466909264516,0.0930677389029596,7695.0
LPP,Credit,2,3,9104.937734879084,6111.495015801163,1.205564808969519,7.448632330375737e-05,-305.0056189342784,92007625.2538262,40.0
LPP,Credit,2,6,9110.402820347736,6116.17,1.2065679717468742,-0.0011262508138998,-305.57000000000005,92117851.69344445,40.0
LPP,Credit,4,3,9108.441505582485,6114.569771875699,1.2061176168278975,-0.0006952463062632,-306.2037584106649,92077717.68772542,40.0
LPP,Credit,4,6,9106.279716598809,6112.13207205212,1.2054467326173293,-0.0002202945285501,-304.5799378449863,92035068.15377912,40.0
LPP,Credit,6,3,9108.868998299598,6115.480893135567,1.206421696172136,-0.000789181139893,-306.6565833369674,92086062.40897734,40.0
LPP,Credit,6,6,9109.01133828263,6114.042347458725,1.2059381385226695,-0.0008204591016474,-304.52579254530303,92090390.6695957,40.0
LPP,Credit,8,3,9109.45982772457,6114.84963688277,1.2061466220450543,-0.0009190139156534,-304.98686910866144,92099157.06955452,40.0
LPP,Credit,8,6,9109.466331834166,6114.577226136111,1.2060103563611608,-0.0009204432186882,-304.66120912251824,92099509.33164024,40.0
LPP,Credit,10,3,9109.88354718563,6115.167464760785,1.2062012307947605,-0.0010121300249967,-304.91866417386734,92107780.94613542,40.0
LPP,Credit,10,6,9110.03710019098,6115.4950003428185,1.206307458934635,-0.0010458757288998,-305.25514448423894,92110661.40402448,40.0
LPP,Facebook,2,5,255.87984135466925,132.06674741753986,1.5869541456068337,-0.0562933895802779,68.93787974125438,61335.41610956673,400.0
LPP,Facebook,2,7,248.51472507061263,131.77907049280168,1.6692014779915914,0.0036391145447675,64.30236478143519,58206.84288933073,400.0
LPP,Facebook,2,20,248.56229135319813,130.32518991631517,1.5761773094222875,0.0032576665721963,66.4334875371768,57949.29739030296,400.0
LPP,Facebook,4,5,249.75198365978704,126.36025077186196,1.3893177251906312,-0.0063065719383894,69.70145471877872,58098.74803240865,400.0
LPP,Facebook,4,7,250.32873776241365,126.39028371219224,1.380004103424695,-0.0109596808865339,71.09833635396144,58191.41769436587,400.0
LPP,Facebook,4,20,249.9365826157914,126.01828467603256,1.358335051426059,-0.0077947026138553,70.71589007233555,58048.03860700775,400.0
LPP,Facebook,6,5,251.30800193945444,127.47963454905376,1.4416522113998438,-0.0188847237637073,69.70584063309988,58885.66426306436,400.0
LPP,Facebook,6,7,251.9945479478052,127.47755882773976,1.4279789172425228,-0.0244592914560235,70.75669864431947,59085.59777007641,400.0
LPP,Facebook,6,20,252.70862534779363,127.95049722202008,1.4265553364917236,-0.0302735419695905,70.87118069728317,59433.25764822685,400.0
LPP,Facebook,8,5,253.18932101477867,129.34850236686404,1.4858642582928414,-0.0341967879656859,69.79324673816566,59832.055541081,400.0
LPP,Facebook,8,7,253.17884445164333,129.24173812320836,1.4769554164760643,-0.0341112029675803,70.02946018509645,59793.33533742769,400.0
LPP,Facebook,8,20,253.8554549757021,129.9022894429533,1.4858016210004823,-0.0396458318361307,70.02514268907328,60140.47617403598,400.0
LPP,ForestFires,2,6,11.30438051050003,4.957934842848355,2975985135741389.0,-0.1279701013492504,3.5020317012801767,116.6463926184249,413.0
LPP,ForestFires,2,7,11.299525339110255,4.995622116834749,3155102983771055.5,-0.1270013950856539,3.433235152640413,117.01733596786764,413.0
LPP,ForestFires,2,20,11.316534428431869,4.974347422754129,3053844259815314.0,-0.1303968819746834,3.4692374150839744,117.15483199686592,413.0
LPP,ForestFires,4,6,11.350414642250389,5.023057092950086,3082866513961163.0,-0.1371755328098436,3.5093417073499373,117.64766084014452,413.0
LPP,ForestFires,4,7,11.358695406011313,5.004155697714011,3019417600846340.5,-0.1388354046713553,3.5183108223042043,117.7738915490948,413.0
LPP,ForestFires,4,20,11.423933064531694,4.985155007749115,2823219078757538.5,-0.1519545712335308,3.606889505877497,118.6373383936922,413.0
LPP,HousePrice,2,7,92680.72972560576,60082.66281703247,0.3160651272402675,-0.0657291235264903,23020.93951647697,8087450755.411858,1168.0
LPP,HousePrice,2,10,92679.17093955676,60082.54532350065,0.316072627459719,-0.0656932750879957,23014.69769180875,8087449159.896515,1168.0
LPP,HousePrice,2,34,92679.41238610126,60082.94954088723,0.3160764953875307,-0.0656988277551442,23014.83123782701,8087487899.696185,1168.0
LPP,HousePrice,11,7,92680.72884265904,60082.3117514695,0.3160614628178546,-0.0657291032206077,23021.236621029453,8087436864.836973,1168.0
LPP,HousePrice,11,10,92679.25606463283,60082.51865917781,0.3160716642767295,-0.0656952327503663,23015.08809927244,8087446960.643095,1168.0
LPP,HousePrice,11,34,92679.5246257109,60083.0487173946,0.3160772359732828,-0.0657014089906047,23014.61655246164,8087518691.611498,1168.0
LPP,HousePrice,20,7,92678.73167214068,60083.767123282974,0.3160957100034755,-0.0656831730722529,23008.75342466781,8087641974.220794,1168.0
LPP,HousePrice,20,10,92679.25509019644,60082.517967631415,0.3160716627039889,-0.0656952103407733,23015.086774020336,8087446840.613543,1168.0
LPP,HousePrice,20,34,92678.73167211733,60083.76712326475,0.316095710003546,-0.0656831730717157,23008.75342456352,8087641974.221264,1168.0
LPP,HousePrice,29,7,92678.73167214064,60083.767123283054,0.3160957100034763,-0.0656831730722522,23008.753424667644,8087641974.220794,1168.0
LPP,HousePrice,29,10,92679.25029911612,60082.504367526686,0.3160714930335698,-0.0656951001579451,23015.1368752893,8087443635.396669,1168.0
LPP,HousePrice,29,34,92678.73167211622,60083.76712326536,0.3160957100035583,-0.0656831730716904,23008.753424559323,8087641974.221253,1168.0
LPP,HousePrice,38,7,92678.7316721406,60083.76712328307,0.3160957100034768,-0.0656831730722513,23008.7534246675,8087641974.220794,1168.0
LPP,HousePrice,38,10,92679.18363296338,60082.57689832019,0.3160728462033975,-0.0656935670042666,23014.64870102602,8087453783.573695,1168.0
LPP,HousePrice,38,34,92678.73167212316,60083.76712326449,0.316095710003499,-0.0656831730718501,23008.75342458742,8087641974.221247,1168.0
LPP,HousePrice,47,7,92626.6564241326,59968.79031695868,0.3150391582597583,-0.0644859161980526,23181.46455964256,8069954009.985667,1168.0
LPP,HousePrice,47,10,92599.08379822284,59912.5219225971,0.31457090805124,-0.0638522691550076,23240.708730920072,8062069605.3704815,1168.0
LPP,HousePrice,47,34,92623.0336012466,59958.44223464936,0.3149643778747602,-0.0644026492709908,23179.006689670947,8069394916.475368,1168.0
LPP,HousePrice,56,7,92663.02698505616,60042.39729678007,0.315699452968005,-0.0653220372979237,23077.37713761877,8081547767.933178,1168.0
LPP,HousePrice,56,10,92659.5424480185,60039.68833983447,0.3156859913744633,-0.065241917223713,23074.08927707165,8081052046.485506,1168.0
LPP,HousePrice,56,34,92663.56623110404,60044.43725390916,0.3157231310336427,-0.0653344364691703,23068.061136158303,8082079416.2499075,1168.0
LPP,HousePrice,65,7,92672.34750013756,60060.715519281104,0.3158675305181597,-0.0655363590141544,23050.050355052485,8084545971.086642,1168.0
LPP,HousePrice,65,10,92671.39727078384,60059.78476772469,0.3158640806043467,-0.0655145078630357,23048.67408739724,8084432909.004315,1168.0
LPP,HousePrice,65,34,92672.03574148628,60061.36548674,0.3158767880064806,-0.0655291898935186,23046.710842473447,8084642459.525431,1168.0
LPP,HousePrice,74,7,92674.29865329174,60069.42444146238,0.3159589538105218,-0.0655812277710186,23031.18665335869,8085781103.393672,1168.0
LPP,HousePrice,74,10,92673.8185748823,60069.10175900956,0.3159565516590423,-0.0655701877907142,23031.417763501508,8085681133.867886,1168.0
LPP,HousePrice,74,34,92674.88105127872,60069.51527258856,0.3159553814575789,-0.0655946207898177,23033.109094864867,8085800561.104713,1168.0
LPP,HousePrice,83,7,92676.11377258092,60072.72709577112,0.3159858596991174,-0.0656229691385825,23028.07450879869,8086262528.297004,1168.0
LPP,HousePrice,83,10,92676.1811117648,60073.28378991002,0.3159918229503923,-0.0656245177189926,23026.83812806943,8086332189.742342,1168.0
LPP,HousePrice,83,34,92676.1359513435,60073.396457020106,0.3159928567481412,-0.0656234791772691,23026.694809656336,8086330413.389469,1168.0
LPP,HousePrice,92,7,92677.2973539236,60075.15541256191,0.3160074290245789,-0.0656501877921726,23025.071647985777,8086621429.437617,1168.0
LPP,HousePrice,92,10,92676.82033017345,60075.30543128989,0.3160123498927301,-0.0656392177022973,23022.90625947695,8086632761.692599,1168.0
LPP,HousePrice,92,34,92677.55445189978,60075.558372621614,0.3160089375802835,-0.0656561002841085,23025.47241416755,8086650728.633893,1168.0
LPP,OnlineNewsPopularity,2,9,7676.46783143946,2231.708221941992,0.6675804965369603,-0.056512922787236,1775.4069356872635,55790159.23790597,15858.0
LPP,OnlineNewsPopularity,2,25,7676.467831439467,2231.708221941992,0.6675804965369452,-0.0565129227872378,1775.406935687294,55790159.23790597,15858.0
LPP,OnlineNewsPopularity,2,125,7676.467831439461,2231.708221941992,0.6675804965369584,-0.0565129227872363,1775.4069356872678,55790159.23790597,15858.0
LPP,OnlineNewsPopularity,4,9,7671.840800069995,2230.47330934532,0.6740064003150184,-0.0552396691885264,1756.8162088566637,55784807.37820922,15858.0
LPP,OnlineNewsPopularity,4,25,7671.792318318401,2230.5857948192524,0.6743094232373236,-0.0552263321792749,1756.517374517685,55785113.47391824,15858.0
LPP,OnlineNewsPopularity,4,125,7671.544448330468,2230.7035571679107,0.6750102005010039,-0.0551581461017631,1755.3711073413344,55785335.93982022,15858.0
LPP,OnlineNewsPopularity,6,9,7655.440038916074,2222.043059266917,0.6752610955185451,-0.0507327365838949,1733.1315291556305,55616044.037114285,15858.0
LPP,OnlineNewsPopularity,6,25,7658.347651709102,2220.3776281385653,0.6805478969242202,-0.0515310457900928,1726.5123430453086,55683487.63851435,15858.0
LPP,OnlineNewsPopularity,6,125,7658.104275383424,2220.2565393568134,0.6805931914902443,-0.051464213176201,1726.5957430367796,55679470.97450695,15858.0
LPP,OnlineNewsPopularity,8,9,7658.412888676467,2219.93982543458,0.6745907922786765,-0.0515489606176282,1732.4684217741276,55663879.950572684,15858.0
LPP,OnlineNewsPopularity,8,25,7658.922502376024,2219.9492221999008,0.6746390467964906,-0.0516889116997987,1734.9379778580214,55663122.72898269,15858.0
LPP,OnlineNewsPopularity,8,125,7658.133894230424,2218.5995719570515,0.6741234246030207,-0.0514723465775652,1729.0315164763642,55671505.48977658,15858.0
LPP,OnlineNewsPopularity,10,9,7659.85974098045,2220.2464460623087,0.6734428703549343,-0.0519463222579219,1736.4935467056632,55672082.29200044,15858.0
LPP,OnlineNewsPopularity,10,25,7660.409885788679,2215.498482822945,0.6633638486174319,-0.0520974330118388,1736.3355433472864,55681061.6421088,15858.0
LPP,OnlineNewsPopularity,10,125,7659.400633284905,2215.776769574526,0.6651473183956434,-0.0518202253854633,1732.352276295503,55679416.37994368,15858.0
LPP,OnlineNewsPopularity,12,9,7660.105719137839,2216.2033799965025,0.664606099411011,-0.0520138848456024,1735.0096660311071,55681004.215574495,15858.0
LPP,OnlineNewsPopularity,12,25,7658.728264301941,2212.9523116274004,0.6610703951077787,-0.0516355685726603,1734.7984478703595,55660630.96183832,15858.0
LPP,OnlineNewsPopularity,12,125,7656.472659212237,2208.626440193269,0.65210154926587,-0.0510162163370966,1737.0501873272126,55618257.53125757,15858.0
LPP,OnlineNewsPopularity,14,9,7661.531604389249,2215.7668630799585,0.6619777521921648,-0.052405574138332,1740.2136835090878,55684766.93819493,15858.0
LPP,OnlineNewsPopularity,14,25,7657.75260430767,2209.660153438133,0.6529960947817102,-0.0513676459194765,1738.49622317135,55632836.81108008,15858.0
LPP,OnlineNewsPopularity,14,125,7658.37164292115,2210.425040167667,0.6529809854952837,-0.0515376340373117,1740.6387536897084,55634864.441914864,15858.0
LPP,OnlineNewsPopularity,16,9,7657.418005766818,2209.684393365765,0.6527530351356164,-0.0512757708190616,1739.0786722871942,55625685.06319839,15858.0
LPP,OnlineNewsPopularity,16,25,7658.818481772315,2210.860668802902,0.6536449802530256,-0.0516603446076056,1741.255209078624,55639563.510393344,15858.0
LPP,OnlineNewsPopularity,16,125,7658.636485888685,2210.558585493649,0.6531612842869766,-0.0516103641621712,1742.248763419538,55633313.16976959,15858.0
LPP,OnlineNewsPopularity,18,9,7658.943191374715,2211.2043735827274,0.654206762439228,-0.0516945935486223,1742.056268316797,55638683.221508,15858.0
LPP,OnlineNewsPopularity,18,25,7659.359827683063,2211.8426371811784,0.6550963563079006,-0.051809018231,1741.9541449895676,55645422.881251626,15858.0
LPP,OnlineNewsPopularity,18,125,7659.583432862161,2212.1495888511536,0.6551840848547548,-0.0518704315559315,1742.410472867117,55647258.726605,15858.0
LPP,OnlineNewsPopularity,20,9,7659.73694660762,2213.0396876396,0.6569581354533647,-0.0519125952556318,1741.6450388330543,55652278.53354904,15858.0
LPP,OnlineNewsPopularity,20,25,7659.48386180236,2212.68143600713,0.6574349102128884,-0.0518430840705748,1741.5078213159345,55648878.56362568,15858.0
LPP,OnlineNewsPopularity,20,125,7659.96456418811,2213.4028792859326,0.6610352562390652,-0.0519751136838777,1742.453377377779,55652949.4050957,15858.0
LPP,OnlineNewsPopularity,22,9,7660.431492842034,2213.74393526209,0.6580801729285363,-0.0521033681400546,1743.8533113954722,55655222.91106814,15858.0
LPP,OnlineNewsPopularity,22,25,7660.273267643681,2213.601671825669,0.6593365876153188,-0.0520599064773359,1743.391304735877,55654409.71466112,15858.0
LPP,OnlineNewsPopularity,22,125,7660.473706211349,2214.7088006602644,0.6621235456499521,-0.0521149635574798,1741.7761912755652,55663111.71887916,15858.0
LPP,PremiumPrice,2,6,5832.785323050833,4458.252818201277,0.2001732166449788,-0.0035796102160841,1107.3923258516245,32961539.2820586,788.0
LPP,PremiumPrice,2,9,5825.086958989671,4451.942823673724,0.1999415348380992,-0.0009322222967407,1102.7074290387447,32881743.818961386,788.0
LPP,PremiumPrice,2,28,5821.953220740555,4449.647720816468,0.19985359875313,0.0001444366074492,1101.343290628534,32848081.663017303,788.0
LPP,PremiumPrice,4,6,5898.034171391959,4516.6798132063095,0.2019459401702925,-0.0261584201218727,1218.1364382929053,33472001.215801228,788.0
LPP,PremiumPrice,4,9,5896.299209552975,4515.4055870019365,0.2018947955984597,-0.0255548007479329,1216.614501446128,33455158.972803622,788.0
LPP,PremiumPrice,4,28,5898.958986204814,4517.298920650657,0.2019573122327806,-0.0264802496949274,1219.8287374166146,33478819.92139709,788.0
LPP,WineQuality,2,8,0.8070821817131757,0.6114026074521773,0.1100653659119975,0.0883899388897256,-0.0240067470988576,0.6514700895301107,3918.0
LPP,WineQuality,2,15,0.8036710729371445,0.6122413240947496,0.1097992884610604,0.0960794402365722,-0.0091372788254977,0.6464633601015057,3918.0
LPP,WineQuality,2,62,0.8062002391338949,0.612791146684367,0.1100263746890154,0.0903811820772213,-0.0174632374111498,0.6503174501535217,3918.0
LPP,WineQuality,4,8,0.7248927288409182,0.5459483983316197,0.0977162552274016,0.2646043136541723,-0.0087268453635354,0.5259299737349389,3918.0
LPP,WineQuality,4,15,0.7223262361317154,0.543245088811598,0.0972313711944543,0.2698024524446059,-0.0087782488503681,0.5222110021208428,3918.0
LPP,WineQuality,4,62,0.7143096105474137,0.538030375410924,0.0964117106425702,0.2859204798592482,-0.0134776853008164,0.5105775692389616,3918.0
LPP,NYCPropertySales,2,9,1.2899807060517954,0.247072409390438,1.1252209185057482,0.0299207715179053,0.0165414466736191,1.664268698535678,13528.0
LPP,NYCPropertySales,2,23,1.3062861026537098,0.2490662262800244,1.1375468052919735,0.0052421178031635,0.0199856475914233,1.7064885355736648,13528.0
LPP,NYCPropertySales,2,116,1.3051990332595405,0.2497211622958154,1.1053341266378676,0.0068970705685705,0.0194456288284261,1.703670130283591,13528.0
LPP,NYCPropertySales,4,9,1.2917433884909466,0.241556683190513,1.107278645000121,0.0272678482924421,0.0188098624816177,1.6687405890534694,13528.0
LPP,NYCPropertySales,4,23,1.301292663228109,0.2454378370038736,1.0814840572479594,0.0128327508662396,0.0207728226977564,1.6934318042517162,13528.0
LPP,NYCPropertySales,4,116,1.3001861189947872,0.2459222081676067,1.1215200001300574,0.0145108972578098,0.0184066407741977,1.6906450346449056,13528.0
LPP,NYCPropertySales,6,9,1.2895705368171484,0.2349488580629066,1.0886862332913951,0.0305375767059862,0.0251245070128581,1.6628526058675075,13528.0
LPP,NYCPropertySales,6,23,1.2913409698607792,0.2414239668330284,1.1216437205936112,0.0278738271110027,0.0177272550703948,1.6677403673900515,13528.0
LPP,NYCPropertySales,6,116,1.2932742644931,0.2422455386969316,1.1461002882484923,0.0249608657694198,0.0171488509164173,1.6727588465129215,13528.0
LPP,NYCPropertySales,8,9,1.2847837641895292,0.2247612653863076,1.0246910075561366,0.0377213379912246,0.0332216287175594,1.650053536936192,13528.0
LPP,NYCPropertySales,8,23,1.2868379777793892,0.2361336121018138,1.110262468165655,0.0346417440042921,0.0232809094126051,1.6558996017202294,13528.0
LPP,NYCPropertySales,8,116,1.2879831686845742,0.2337421674947865,1.1090929114825108,0.0329227841515011,0.0239742794861399,1.6588163605819284,13528.0
KPCA,Admission,2,,0.0775274539806888,0.0590672429085429,0.0925889993607581,0.7369867528581202,0.0094537026801976,0.0059960846849237,320.0
KPCA,BankHappiness,2,,0.3101984799582506,0.1740702947016886,411354647207950.9,-0.0008192783454883,-0.0086078655450415,0.0961885691095459,7695.0
KPCA,BankHappiness,4,,0.3101800320233759,0.1739962804021566,411009094542761.44,-0.0007002416573709,-0.0085284236345279,0.0961784815971787,7695.0
KPCA,BankHappiness,6,,0.3100356706115479,0.1735655256110518,409053618479400.4,0.0002310167572492,-0.008090772605774,0.096096185938445,7695.0
KPCA,BankHappiness,8,,0.3096835255608044,0.1714503115371777,398985943587314.7,0.0025008443416419,-0.0057350408917944,0.0959104483942284,7695.0
KPCA,Credit,2,,9110.396306798064,6116.053444235013,1.206529017014209,-0.0011248192892217,-305.37574039168555,92117851.69344448,40.0
KPCA,Credit,4,,9110.393553737224,6116.004157716073,1.206512544700124,-0.0011242142316529,-305.293596193453,92117851.69344448,40.0
KPCA,Credit,6,,9110.40337647644,6116.179948134801,1.2065712965668165,-0.0011263730379265,-305.58658022467387,92117851.69344433,40.0
KPCA,Credit,8,,9110.393764481018,6116.007931013357,1.2065138057942195,-0.0011242605481411,-305.2998850222628,92117851.69344445,40.0
KPCA,Credit,10,,9110.381732616048,6115.792380026123,1.2064417653328638,-0.0011216162312699,-304.9406333768802,92117851.6934443,40.0
KPCA,Facebook,2,,251.22514387071573,131.34540503093314,1.5377261322364402,-0.0182129671748265,67.11896744007616,59201.12840670693,400.0
KPCA,Facebook,4,,251.0590104291841,129.37599917878833,1.4292901235857565,-0.0168667381315565,68.34629120327729,58948.90019842221,400.0
KPCA,Facebook,6,,249.6604469821624,128.34418552952525,1.4280578161311968,-0.005569063642685,67.40019846508783,58371.26468100999,400.0
KPCA,Facebook,8,,248.9252661305928,127.18685087536508,1.429441074513978,0.0003444613007461,67.00251203385767,58055.00151448404,400.0
KPCA,ForestFires,2,,11.334388204695182,4.798990231529057,2172805206986628.0,-0.1339664859584077,3.74409668073478,115.56126200082122,413.0
KPCA,ForestFires,4,,11.375173283104608,4.943103845649594,2856650584251649.0,-0.1421419818136022,3.5064314710130096,118.23639396323904,413.0
KPCA,HousePrice,2,,92601.97598587006,59913.012313415325,0.3146039547234914,-0.0639187257184117,23201.348824054687,8064441318.95464,1168.0
KPCA,HousePrice,11,,92639.87559389252,60003.247351548605,0.3153909547312585,-0.0647897730938715,23101.62331189489,8076119493.879386,1168.0
KPCA,HousePrice,20,,92649.27049648036,60021.49021891844,0.3155460099622866,-0.0650057514375122,23083.02323559925,8078728239.366852,1168.0
KPCA,HousePrice,29,,92652.61632545934,60028.5337433098,0.3156094488975641,-0.0650826736070615,23073.697160518608,8079782298.621496,1168.0
KPCA,HousePrice,38,,92654.344667764,60032.91675125213,0.3156500535624144,-0.0651224100912573,23067.895320920023,8080372299.149684,1168.0
KPCA,HousePrice,47,,92655.51222081762,60035.5598619853,0.3156732378758601,-0.0651492538353291,23064.75514628713,8080734764.13615,1168.0
KPCA,HousePrice,56,,92656.269419855,60037.34761727104,0.3156888280766157,-0.0651666631241216,23062.662506404813,8080972424.016374,1168.0
KPCA,HousePrice,65,,92657.0615914912,60038.69120291105,0.3156997156552478,-0.0651848766444944,23061.58160122251,8081169755.708961,1168.0
KPCA,HousePrice,74,,92657.51727875273,60039.63334994135,0.3157081242973336,-0.0651953538248566,23060.486071972733,8081305193.102818,1168.0
KPCA,HousePrice,83,,92657.86509085791,60040.2898260514,0.3157136701783655,-0.0652033507698361,23059.81152443315,8081401086.77233,1168.0
KPCA,HousePrice,92,,92658.17459412782,60040.84052720088,0.3157185881679769,-0.0652104669379125,23059.2253373187,8081485767.078768,1168.0
KPCA,OnlineNewsPopularity,2,,7653.147916015425,2220.7559578623823,0.686624681386541,-0.0501036289156893,1720.4498074002931,55624754.42647533,15858.0
KPCA,OnlineNewsPopularity,4,,7655.439705637166,2220.2507997219423,0.6845501458569878,-0.0507326450967826,1724.0928712992034,55647295.48463748,15858.0
KPCA,OnlineNewsPopularity,6,,7655.185808603865,2217.082456541252,0.675297514006045,-0.0506629499551005,1726.2043725344058,55636120.03682521,15858.0
KPCA,OnlineNewsPopularity,8,,7655.927855256887,2215.6916443499185,0.669195027029714,-0.0508666494424183,1729.9879648961578,55634404.341834925,15858.0
KPCA,OnlineNewsPopularity,10,,7654.859939969732,2210.456595858309,0.6597011671767843,-0.0505735018811386,1732.6085293064414,55608973.34647992,15858.0
KPCA,OnlineNewsPopularity,12,,7655.687039725939,2211.372611314452,0.6600939120127309,-0.050800540922361,1733.8707476967636,55617263.3330522,15858.0
KPCA,OnlineNewsPopularity,14,,7656.371694724774,2212.154836255107,0.6612491510633484,-0.0509884974073335,1735.2102262031249,55623101.52363724,15858.0
KPCA,OnlineNewsPopularity,16,,7656.734970699933,2212.568069552214,0.6620540000441402,-0.0510882334034969,1735.2824887851857,55628414.96071424,15858.0
KPCA,PremiumPrice,2,,5966.330475000484,4570.323713402762,0.2037034193522532,-0.0500608211968633,1305.9581760468116,34063611.018825,788.0
KPCA,PremiumPrice,4,,5965.826723103411,4569.909292626769,0.2037137414768682,-0.0498835102678714,1303.3347033444627,34064449.8169962,788.0
KPCA,WineQuality,2,,0.8101825203644284,0.6070162728812193,0.1096905574440706,0.0813727392320855,-0.0378118741010075,0.6556349937808031,3918.0
KPCA,WineQuality,4,,0.7596348504064996,0.5708607236420606,0.1016508139629376,0.1924240944089833,0.0067385831878313,0.5775890740549042,3918.0
KPCA,NYCPropertySales,2,,1.3085694250654178,0.24824677913152,1.094143626938345,0.0017615049919234,0.0215945506274691,1.7123939414246123,13528.0
KPCA,NYCPropertySales,4,,1.3060117862646865,0.2452243134821528,1.1238439587970614,0.0056598666221964,0.0201366736039337,1.7057656661953342,13528.0
KPCA,NYCPropertySales,6,,1.30546759342646,0.2421108014986389,1.1107847987883457,0.0064883431318292,0.0227779496364402,1.704230714594784,13528.0
KPCA,NYCPropertySales,8,,1.3045879544372303,0.2391571547458974,1.0965609771701068,0.0078267710813031,0.0242672024115182,1.70186404606387,13528.0
ICA,Admission,2,,0.078007094667981,0.0605685908796967,0.0948131172026831,0.7337223070067473,0.0114815358331986,0.0060286391427345,320.0
ICA,BankHappiness,2,,0.3101743502260428,0.1740500135196845,411287725639729.94,-0.0006635808584674,-0.0085984275806924,0.0961737559782345,7695.0
ICA,BankHappiness,4,,0.3003899371390509,0.1710880241070551,409333698592184.94,0.0614723072159039,-0.0106926546657519,0.0901568678004252,7695.0
ICA,BankHappiness,6,,0.3038033991534796,0.1693850553339747,397544206629848.1,0.0400213173795271,-0.0070287185456202,0.0922850642233716,7695.0
ICA,BankHappiness,8,,0.3028579642279794,0.1665748484736601,387463130226013.7,0.0459869198524868,-0.0049721256834186,0.0917359603573449,7695.0
ICA,Credit,2,,9107.55370927253,6113.3100106251,1.20599105290654,-0.0005001810473272,-304.74163915719873,92060741.22294173,40.0
ICA,Credit,4,,9108.781070080517,6114.579239338861,1.2062934163572283,-0.0007698599298349,-305.23267034882394,92085250.66623203,40.0
ICA,Credit,6,,9109.428269566211,6114.926229225414,1.2062962461190838,-0.000912078903781,-304.9799172794195,92098522.94269817,40.0
ICA,Credit,8,,9109.583507490075,6115.25169620273,1.2063598877076838,-0.000946193193382,-305.12086851908134,92101569.92836592,40.0
ICA,Credit,10,,9109.807334821771,6115.432735863047,1.2063833033825553,-0.0009953813626966,-305.02797838682926,92106164.01108204,40.0
ICA,Facebook,2,,242.46827433510705,124.41192120462644,1.455147829870601,0.0515329248521247,60.877992832983466,55641.14550269896,400.0
ICA,Facebook,4,,246.35165657447692,125.8180885049665,1.46966003184926,0.0209082517418569,65.12876653355855,57017.55804727908,400.0
ICA,Facebook,6,,250.75548058011972,128.75675461455964,1.5019459080153197,-0.0144094446948188,67.52850126476247,58907.285412022014,400.0
ICA,Facebook,8,,253.5476335961584,129.64622199792487,1.4911396602901192,-0.0371260420975445,70.17333092775624,59961.72336233877,400.0
ICA,ForestFires,2,,11.355591522598564,4.935281119231539,2805199770497138.5,-0.1382130921198359,3.557331029109104,117.42393103742516,413.0
ICA,ForestFires,4,,11.301392835211646,4.952907111371688,3242778183319834.0,-0.127373949608091,3.381013219745985,117.41926097924566,413.0
ICA,HousePrice,2,,92613.38982824076,59949.12948564843,0.3149519486946666,-0.0641810127566933,23140.470918480027,8069393490.362238,1168.0
ICA,HousePrice,11,,92662.19355800902,60048.96357640653,0.3157827178909762,-0.0653028740084036,23053.393324978617,8082502975.897739,1168.0
ICA,HousePrice,20,,92672.43272545894,60063.83197321263,0.3158996249166668,-0.0655383188376153,23042.82130046807,8084896174.366556,1168.0
ICA,HousePrice,29,,92675.63677688836,60070.17730656459,0.3159587251532785,-0.0656119998340361,23033.22377403777,8085935815.589136,1168.0
ICA,HousePrice,38,,92677.03637437262,60073.64849668662,0.3159914401430355,-0.0656441860522889,23028.10623057206,8086432657.094569,1168.0
ICA,HousePrice,47,,92677.84050007048,60075.52526969693,0.3160080432009703,-0.0656626785640448,23025.992122365114,8086679915.838097,1168.0
ICA,HousePrice,56,,92678.5753247339,60076.69121534428,0.316016493606336,-0.0656795774973673,23025.53424515061,8086837746.765464,1168.0
ICA,HousePrice,65,,92679.20826882224,60077.46156216872,0.31602121734131,-0.0656941335668703,23025.6315535929,8086950974.477745,1168.0
ICA,HousePrice,74,,92679.55692772,60078.22175173983,0.3160274009659629,-0.0657021518580882,23024.80343818089,8087054089.669674,1168.0
ICA,HousePrice,83,,92679.91492739088,60078.32036767863,0.3160267808303469,-0.0657103849953433,23025.333330100235,8087096190.88648,1168.0
ICA,HousePrice,92,,92680.37805739672,60078.58225382331,0.3160268868058979,-0.0657210359263544,23026.08690853872,8087147509.190312,1168.0
ICA,OnlineNewsPopularity,2,,7663.058200360413,2228.698176599027,0.6857427909508391,-0.0528250093775419,1736.7065370452644,55720364.4416399,15858.0
ICA,OnlineNewsPopularity,4,,7654.317918029586,2219.508933429828,0.680849977420693,-0.0504247300598095,1722.9884712417943,55633924.77290825,15858.0
ICA,OnlineNewsPopularity,6,,7653.11300126871,2214.400154778697,0.6679412840525017,-0.0500940474940319,1729.016095944309,55594663.30281514,15858.0
ICA,OnlineNewsPopularity,8,,7655.072074104447,2215.1627039603977,0.6656528497140957,-0.0506317304027692,1731.043046405277,55617645.58017403,15858.0
ICA,OnlineNewsPopularity,10,,7655.790049141371,2215.4016598801218,0.6672780205634495,-0.0508288187443537,1732.1140638298448,55624931.13282923,15858.0
ICA,OnlineNewsPopularity,12,,7658.626407341342,2214.413330772108,0.6614693296410398,-0.0516075963854563,1738.2920612740174,55646933.69254762,15858.0
ICA,OnlineNewsPopularity,14,,7659.305952831284,2211.6026024527614,0.6549321766363324,-0.0517942217318301,1742.2108818954202,55643702.64279891,15858.0
ICA,OnlineNewsPopularity,16,,7659.916148835837,2213.661867465936,0.6593885279964028,-0.0519618155584553,1742.2259478828448,55653000.21934886,15858.0
ICA,OnlineNewsPopularity,18,,7660.68580229858,2214.8318938575508,0.6610791308656063,-0.0521732243295476,1742.8390287917407,55662657.58254115,15858.0
ICA,OnlineNewsPopularity,20,,7660.578223730298,2215.372498655297,0.6637160008304163,-0.052143673321398,1741.1999788997152,55666720.88144401,15858.0
ICA,OnlineNewsPopularity,22,,7660.934274934792,2216.1872848706225,0.66434231878323,-0.052241479444393,1741.536825830134,55671004.05546733,15858.0
ICA,PremiumPrice,2,,5873.563926664608,4494.912673197016,0.20131023315429,-0.0176612642855136,1178.3765515576151,33278253.892712086,788.0
ICA,PremiumPrice,4,,5918.863479058711,4532.723655746309,0.2025333116697043,-0.033419114444696,1240.3645541641529,33664463.197911754,788.0
ICA,WineQuality,2,,0.8051502786088045,0.6015653496795056,0.1076811114579305,0.0927489361123161,0.0025573533907726,0.6489225970027792,3918.0
ICA,WineQuality,4,,0.7249447020079282,0.5385989219724012,0.0944929218404679,0.2644988574632683,0.060255465447902,0.5224472092502145,3918.0
ICA,NYCPropertySales,2,,1.2860525829577696,0.227922090162546,1.1647222929321492,0.0358197571130122,0.0345485050288276,1.6532264779432513,13528.0
ICA,NYCPropertySales,4,,1.284797974508222,0.2280303057214296,1.0905820131470494,0.0377000513553537,0.0322550450522811,1.6501533697137871,13528.0
ICA,NYCPropertySales,6,,1.2855266743822995,0.2356613845074985,1.2082503905977438,0.0366081649680862,0.0188451443630658,1.6527123700800086,13528.0
ICA,NYCPropertySales,8,,1.2855040985572443,0.2318249619906366,1.17400091630563,0.0366420019548788,0.0208397905236597,1.6525751289561903,13528.0
UMAP,Credit,2,3,9107.46752385255,6111.83761094288,1.20506279470967,-0.000481245530051,-300.125246165356,92062099.4829367,40.0
UMAP,Credit,2,3,9106.29744342671,6114.25804232355,1.20672190888752,-0.000224188709452,-308.569697087963,92032708.7446653,40.0
UMAP,Credit,2,6,9104.07744790569,6110.12770922857,1.20503449478878,0.0002634348432,-304.160208296821,91990791.9390597,40.0
UMAP,Credit,4,3,9107.28182966576,6114.27740020304,1.20630895489459,-0.000440447875421,-306.738748826257,92053881.8499207,40.0
UMAP,Credit,4,3,9106.56747317005,6113.7084034831,1.20612172754168,-0.000283509039617,-306.5572080048,92039548.6906877,40.0
UMAP,Credit,4,6,9106.20140314497,6110.98374654484,1.20457183651739,-0.00020309093466,-301.623765863617,92035474.5538951,40.0
UMAP,Credit,6,3,9106.10956510262,6113.12526006108,1.20604600429425,-0.000182916500435,-306.43292062128,92030366.9742366,40.0
UMAP,Credit,6,3,9106.46411821843,6113.50516270907,1.20618362307407,-0.000260803740983,-306.442325825131,92037535.3748251,40.0
UMAP,Credit,6,6,9106.58101975251,6111.44141134671,1.20472015056787,-0.000286485009028,-301.9583742454,92042932.232822,40.0
UMAP,Credit,8,3,9107.3388448808,6114.05403980368,1.20625368288831,-0.000452974226727,-306.183667909242,92055413.7744227,40.0
UMAP,Credit,8,3,9107.27214561739,6114.2764141796,1.20618122719769,-0.000438320279347,-306.029269765256,92054168.9115393,40.0
UMAP,Credit,8,6,9105.48804924403,6110.33221831393,1.20461421228654,-4.63909456460687e-05,-301.783303993446,92020932.7248407,40.0
UMAP,Credit,10,3,9107.63673137835,6114.05717083315,1.20622372773682,-0.00051842173262,-306.273278282806,92061381.6775133,40.0
UMAP,Credit,10,3,9107.18865382382,6113.60451369001,1.2061887466871,-0.000419977134329,-306.811475987697,92051946.5494884,40.0
UMAP,Credit,10,6,9106.25244948876,6110.9152356116,1.20454863907816,-0.000214304579447,-301.514391932042,92036580.8280866,40.0
UMAP,Admission,2,5,0.076583406177309,0.059151584603041,0.090822499752162,0.743353151216464,0.007938960904687,0.005875433925542,320.0
UMAP,Admission,2,6,0.074063243719804,0.058055897938611,0.08968192906714,0.759966401014151,0.007373219904562,0.005499746530165,320.0
UMAP,Admission,2,17,0.080515529584376,0.063829000663576,0.098310197525529,0.716321849393999,0.011549990892039,0.006429719711034,320.0
UMAP,Facebook,2,5,255.412602740073,129.76373962486,1.40572687156966,-0.052439311412932,71.7540670752048,60693.8904006318,400.0
UMAP,Facebook,2,7,255.214829824901,128.954597394236,1.37643377121097,-0.050810077752138,72.8348387128722,60434.0359921445,400.0
UMAP,Facebook,2,20,256.825693899393,134.510954012153,1.62550540861646,-0.064116939520528,68.2089600162271,61926.2371923327,400.0
UMAP,Facebook,4,5,256.454138317233,130.143997091142,1.41126459967433,-0.06104020228801,72.5459581471597,61116.978804591,400.0
UMAP,Facebook,4,7,256.477730661978,130.223891901431,1.4087530110284,-0.061235430782476,72.5334041097192,61131.0420341152,400.0
UMAP,Facebook,4,20,256.987434421069,133.692054663734,1.57999606508904,-0.0654576544718,68.6125318990549,61954.4059764892,400.0
UMAP,Facebook,6,5,256.133588342451,129.693003246763,1.37763165451245,-0.058389405921099,73.1304510174815,60865.0022334951,400.0
UMAP,Facebook,6,7,256.205817246143,130.005100280676,1.41078938870159,-0.058986415362757,72.2771115770622,61027.7171038798,400.0
UMAP,Facebook,6,20,256.451159643085,133.214974827309,1.56373418436699,-0.061015554803765,68.5230297617989,61688.6784591378,400.0
UMAP,Facebook,8,5,256.11637363043,130.324717554916,1.42567212871148,-0.058247142216682,71.7448975798645,61058.8550634918,400.0
UMAP,Facebook,8,7,256.020142140694,130.122195020311,1.40995287992811,-0.057452053907145,71.6066384337955,61029.0934484371,400.0
UMAP,Facebook,8,20,256.591848587002,133.522907614128,1.57211298418028,-0.062180019052419,67.8514446029165,61854.09921878,400.0
UMAP,ForestFires,2,6,11.3720637748397,5.00954704881579,2992579219205997.0,-0.141517637124301,3.55627609447713,117.809518672258,413.0
UMAP,ForestFires,2,7,11.3851844836461,5.0670624480199,2988969609030130.0,-0.144153246824222,3.58707123702502,117.888892712476,413.0
UMAP,ForestFires,2,20,11.3801326147885,5.06745321533533,3272186457311020.0,-0.143138097745221,3.44619964456528,118.773176110263,413.0
UMAP,ForestFires,4,6,11.4057477759275,5.0735365077198,3049683217151157.0,-0.148289992214954,3.56394574979687,118.529075671266,413.0
UMAP,ForestFires,4,7,11.3859040773969,5.05280152509025,3054471337617370.0,-0.144297882433143,3.54841542601712,118.183943698107,413.0
UMAP,ForestFires,4,20,11.4093162432009,5.07144423552828,3133318114821304.0,-0.149008625722002,3.51886340392259,118.933690661339,413.0
UMAP,PremiumPrice,2,6,5876.92805869084,4502.60381193119,0.201549741820941,-0.018827345842164,1184.05029013432,33304512.9282091,788.0
UMAP,PremiumPrice,2,9,5877.88506932669,4503.97200064125,0.201588395012561,-0.019159188595424,1187.30918777871,33308052.2670269,788.0
UMAP,PremiumPrice,2,28,5876.16595050304,4499.29210288382,0.201358760677305,-0.018563124020899,1192.8609022006,33274461.9841563,788.0
UMAP,PremiumPrice,4,6,5875.83666233133,4500.48322165147,0.201406147136937,-0.018448970882908,1191.32397214539,33274255.4710973,788.0
UMAP,PremiumPrice,4,9,5887.0136232802,4508.14843422509,0.201721351692779,-0.022327223974201,1198.18884538472,33389908.7944848,788.0
UMAP,PremiumPrice,4,28,5880.28338416972,4500.78417840152,0.201430592965137,-0.019991039929434,1193.03139628324,33322705.256821,788.0
UMAP,HousePrice,2,7,92627.1874647832,59938.2654715137,0.314665771719037,-0.064498121905044,23266.206555083,8066103131.03201,1168.0
UMAP,HousePrice,2,10,92615.2116824075,59948.9966931228,0.314873974758543,-0.064222881468882,23192.0401962655,8067334564.60994,1168.0
UMAP,HousePrice,2,34,92631.0669348334,59987.8645942371,0.31523952930611,-0.064587291730374,23128.6101451998,8073230002.18965,1168.0
UMAP,HousePrice,11,7,92649.1659032991,60019.422915611,0.315500114656047,-0.065003346836242,23101.4036767619,8077856984.52294,1168.0
UMAP,HousePrice,11,10,92646.9115394714,60017.7892177762,0.315496071970271,-0.064951519584733,23098.6364282526,8077566110.59708,1168.0
UMAP,HousePrice,11,34,92662.9792309779,60052.4905294853,0.315814671863476,-0.065320939266476,23049.0468450071,8082850153.17255,1168.0
UMAP,HousePrice,20,7,92649.7105551803,60021.3466862667,0.315519758313695,-0.065015868433727,23097.8019990456,8078125221.17286,1168.0
UMAP,HousePrice,20,10,92645.9113747625,60013.0576110316,0.315450816443418,-0.064928526456096,23105.6428881105,8077055309.50768,1168.0
UMAP,HousePrice,20,34,92660.7736864273,60049.9494752808,0.315796973635386,-0.06527022678455,23049.7029811385,8082409657.77797,1168.0
UMAP,HousePrice,29,7,92654.345362541,60030.3827218951,0.31559973806425,-0.065122426065092,23086.9196544424,8079491346.34248,1168.0
UMAP,HousePrice,29,10,92651.1770585105,60023.1687065621,0.315535602851408,-0.065049583847821,23096.2962984642,8078467692.87056,1168.0
UMAP,HousePrice,29,34,92658.2481313879,60044.3448744684,0.315747782441307,-0.06521215772646,23056.6051613888,8081620688.38908,1168.0
UMAP,HousePrice,38,7,92655.0910389094,60033.6810350613,0.315635969509871,-0.065139570211229,23078.2309064636,8080032497.82718,1168.0
UMAP,HousePrice,38,10,92652.3309823249,60026.0084664651,0.315562597672197,-0.065076113326898,23091.4343519478,8078907587.7669,1168.0
UMAP,HousePrice,38,34,92659.0052154156,60044.7770466512,0.315748211337993,-0.065229564884951,23057.463316516,8081721762.24067,1168.0
UMAP,HousePrice,47,7,92655.7673692352,60036.1383095104,0.315660659257106,-0.065155120113855,23074.7533398,8080319311.49846,1168.0
UMAP,HousePrice,47,10,92655.2769187984,60036.7497847159,0.315672929583078,-0.065143843872209,23069.385337185,8080476666.35943,1168.0
UMAP,HousePrice,47,34,92660.254586581,60048.4967679627,0.315783182051497,-0.065258291204044,23052.1008877237,8082202199.36759,1168.0
UMAP,HousePrice,56,7,92656.756512541,60036.7214524502,0.315663064042467,-0.065177862285451,23075.5514500653,8080466282.43406,1168.0
UMAP,HousePrice,56,10,92657.731164696,60037.6788281649,0.315669255175443,-0.065200271517079,23074.9769302105,8080674125.786,1168.0
UMAP,HousePrice,56,34,92661.7597288103,60051.54006171,0.315810606643531,-0.065292898884946,23047.7747440098,8082682213.93002,1168.0
UMAP,HousePrice,65,7,92656.6586283391,60038.0155073798,0.315679342699434,-0.065175611741967,23071.0156454482,8080658111.94078,1168.0
UMAP,HousePrice,65,10,92657.0774743374,60037.6961180569,0.31567668315951,-0.065185241822685,23071.0303916533,8080735313.82753,1168.0
UMAP,HousePrice,65,34,92663.2164268903,60054.9992608125,0.31584348981611,-0.065326393226573,23042.3976400804,8083201787.47544,1168.0
UMAP,HousePrice,74,7,92659.1627410992,60042.1689380674,0.315713586511295,-0.065233186792129,23067.0663419585,8081306597.78385,1168.0
UMAP,HousePrice,74,10,92658.5556755372,60039.8586646644,0.315692245954782,-0.065219228879156,23070.2971533348,8081044137.82463,1168.0
UMAP,HousePrice,74,34,92664.657335395,60055.878029698,0.31584426301304,-0.065359525031282,23045.0918055756,8083345151.63423,1168.0
UMAP,HousePrice,83,7,92660.9570879661,60045.2172045177,0.315739549053458,-0.065274443723055,23064.4333277578,8081762151.36899,1168.0
UMAP,HousePrice,83,10,92657.8879687887,60039.4297934159,0.31569077491971,-0.065203876783501,23069.665983752,8080949197.7888,1168.0
UMAP,HousePrice,83,34,92665.092282878,60056.25973789,0.315849136532107,-0.065369526180474,23043.8503413616,8083483451.7452,1168.0
UMAP,HousePrice,92,7,92659.4220267578,60041.8735925962,0.315709277702118,-0.065239148427584,23069.0591375202,8081262557.54634,1168.0
UMAP,HousePrice,92,10,92656.3287896539,60039.1532069165,0.315695991986974,-0.065168028142403,23066.3861852533,8080811103.75851,1168.0
UMAP,HousePrice,92,34,92666.3359632028,60059.3041312607,0.315876653042912,-0.065398123529856,23039.942707004,8083895434.30831,1168.0
UMAP,WineQuality,2,8,0.767392299998929,0.566993056058446,0.09981370472194,0.175845820450773,0.079625177545747,0.583145819953509,3918.0
UMAP,WineQuality,2,15,0.761461440931967,0.578538082891414,0.102795351602154,0.18853568935313,0.037809304709996,0.578984783302823,3918.0
UMAP,WineQuality,2,62,0.774821547073446,0.592510660280761,0.105451495511841,0.159811040987112,0.017156047383118,0.600667025383582,3918.0
UMAP,WineQuality,4,8,0.729457580435227,0.551497157484555,0.097729703691932,0.255313167717458,0.03713483818684,0.53127147920154,3918.0
UMAP,WineQuality,4,15,0.719697469004135,0.560591566119952,0.099054019816193,0.275107607798281,0.041977430706688,0.51672961732194,3918.0
UMAP,WineQuality,4,62,0.749512606451054,0.568941926940535,0.101429528730214,0.213802832521987,0.010263856075114,0.5622375122347,3918.0
UMAP,BankHappiness,2,8,0.310183870543181,0.1741024546807,411539362439640.0,-0.000725009412017,-0.008657735607318,0.096178640565541,7695.0
UMAP,BankHappiness,2,19,0.310191000571217,0.174133191240426,411681132908192.0,-0.000771016184497,-0.008689957782952,0.096182506465593,7695.0
UMAP,BankHappiness,2,87,0.310172265868499,0.174056156477459,411319823099824.0,-0.000650132076041,-0.00860653875861,0.096172322812005,7695.0
UMAP,BankHappiness,4,8,0.310179217106133,0.174130398058559,411683375283963.0,-0.000694983505802,-0.008693746779703,0.096175127452611,7695.0
UMAP,BankHappiness,4,19,0.310180623419922,0.174111212462141,411586149065803.0,-0.000704057578253,-0.008669755261721,0.096176416980433,7695.0
UMAP,BankHappiness,4,87,0.310209133521163,0.174141265697705,411693952806052.0,-0.000888024486618,-0.008687576503984,0.096193802177457,7695.0
UMAP,BankHappiness,6,8,0.310187239840477,0.17409246561303,411480616617734.0,-0.000746749796998,-0.008641636289356,0.096181010263118,7695.0
UMAP,BankHappiness,6,19,0.310205671812956,0.174131006538393,411645239697118.0,-0.000865686247141,-0.008676202697239,0.09619185117215,7695.0
UMAP,BankHappiness,6,87,0.310215571084923,0.174140427162746,411680527570816.0,-0.000929566444183,-0.008682453036835,0.096197886876081,7695.0
UMAP,BankHappiness,8,8,0.31018018081679,0.174088175726417,411469479533370.0,-0.000701201729751,-0.008640980316974,0.09617664061425,7695.0
UMAP,BankHappiness,8,19,0.310188168116964,0.174121728019364,411630187763135.0,-0.000752739540918,-0.008678796814799,0.096180942478743,7695.0
UMAP,BankHappiness,8,87,0.310226867174336,0.174156771929737,411744275595424.0,-0.001002462821994,-0.008694418079721,0.096204690332956,7695.0
UMAP,NYCPropertySales,2,9,1.3080142413650369,0.2455710271250529,1.142959193596365,0.0026083659457538,0.0222892069482532,1.7109103340152167,13528.0
UMAP,NYCPropertySales,2,23,1.3078906344662191,0.2470572182266877,1.1420777993748903,0.0027968633760149,0.0200044144825733,1.7106835552188635,13528.0
UMAP,NYCPropertySales,2,116,1.3079679285701915,0.2478737248606251,1.130375233690637,0.0026789938868098,0.0194056729045082,1.710909408901626,13528.0
UMAP,NYCPropertySales,4,9,1.305192471955822,0.2415190396322531,1.10929596485279,0.0069070553040775,0.0237121907783376,1.7034688076734463,13528.0
UMAP,NYCPropertySales,4,23,1.3060933371132275,0.2432765785632072,1.1476674745076454,0.0055356842615414,0.0223427580083319,1.705885007660282,13528.0
UMAP,NYCPropertySales,4,116,1.3059380306202528,0.2419091974022698,1.089607126095861,0.0057721720810691,0.0238822379452068,1.705408038743553,13528.0
UMAP,NYCPropertySales,6,9,1.304929102838249,0.2380184132626923,1.0510632664988733,0.0073077986880786,0.0274447260779454,1.7025901774635088,13528.0
UMAP,NYCPropertySales,6,23,1.3050427353386382,0.2420050762202651,1.1332896399447243,0.0071349049912815,0.0222546373856744,1.703144863204911,13528.0
UMAP,NYCPropertySales,6,116,1.3053244536040436,0.2407808456933247,1.0986714265127564,0.0067062011412999,0.0242838654497507,1.7037860036597887,13528.0
UMAP,NYCPropertySales,8,9,1.3027550277507016,0.2363568174972574,1.0554041375778769,0.0106127898288679,0.0243835444058034,1.697077902224474,13528.0
UMAP,NYCPropertySales,8,23,1.305046570676382,0.2401622514653604,1.118040954189579,0.0071290691999074,0.024002063906143,1.7030740226460042,13528.0
UMAP,NYCPropertySales,8,116,1.3054126849871548,0.2407626281345189,1.0808758886429546,0.0065719162937259,0.0246869750170289,1.7039966742858847,13528.0
UMAP,OnlineNewsPopularity,2,9,7670.335832174969,2226.505696907848,0.6675518206023612,-0.0548257017723943,1754.0169327947262,55771542.34057593,15858.0
UMAP,OnlineNewsPopularity,2,25,7661.630423119872,2226.0940385281024,0.6786731596109604,-0.0524327222489158,1741.0728933396224,55683289.62537754,15858.0
UMAP,OnlineNewsPopularity,2,125,7662.914865374436,2223.972917601357,0.6753032876896442,-0.0527856242540885,1744.3863757116687,55691426.1631218,15858.0
UMAP,OnlineNewsPopularity,4,9,7661.556085923771,2225.3722471294286,0.6749467347877882,-0.052412299828674,1742.937245395785,55675653.1952316,15858.0
UMAP,OnlineNewsPopularity,4,25,7661.022537643937,2221.190486599437,0.6697594938227845,-0.052265725630386,1738.6710188758,55682332.87393405,15858.0
UMAP,OnlineNewsPopularity,4,125,7666.03938067706,2224.9199196227983,0.670624338861285,-0.0536443354569446,1747.869597485086,55727166.42713058,15858.0
UMAP,OnlineNewsPopularity,6,9,7662.833808699089,2220.4453947205434,0.6669300211876863,-0.0527633520893249,1746.6087877030927,55682423.20876751,15858.0
UMAP,OnlineNewsPopularity,6,25,7663.087660900785,2223.327026940245,0.6722954403081439,-0.052833104540727,1740.8341383306451,55706458.54965649,15858.0
UMAP,OnlineNewsPopularity,6,125,7667.197925543511,2225.659877838602,0.6700464866347317,-0.0539628275531012,1752.3572611221905,55729223.34847236,15858.0
UMAP,OnlineNewsPopularity,8,9,7662.820207857701,2222.324085039904,0.6708861913771705,-0.0527596149719551,1743.6260776177332,55692627.699353136,15858.0
UMAP,OnlineNewsPopularity,8,25,7662.592804500862,2222.3422644740403,0.6705178764942855,-0.0526971320970766,1741.8562910285386,55695311.88591222,15858.0
UMAP,OnlineNewsPopularity,8,125,7668.418183996768,2225.8527407344927,0.6684292297284234,-0.0542983371893994,1756.5263216876212,55733309.04593287,15858.0
UMAP,OnlineNewsPopularity,10,9,7662.733902553413,2222.5244175693824,0.6711503511468988,-0.0527359009280958,1743.101360551624,55693134.69600193,15858.0
UMAP,OnlineNewsPopularity,10,25,7663.640889283558,2223.076637494836,0.6706943513764949,-0.0529851263383274,1744.5981994523222,55701817.17996558,15858.0
UMAP,OnlineNewsPopularity,10,125,7668.52172338513,2226.1791532147863,0.6690022416684793,-0.0543268077655512,1756.55524738098,55734795.779954456,15858.0
UMAP,OnlineNewsPopularity,12,9,7663.378759783543,2222.558540874324,0.670002844060206,-0.0529130943242579,1745.8973454229497,55693262.69524634,15858.0
UMAP,OnlineNewsPopularity,12,25,7663.871606147285,2222.9388334190457,0.6697073733158198,-0.0530485283391082,1746.3927043707922,55699088.20696445,15858.0
UMAP,OnlineNewsPopularity,12,125,7668.603734945934,2226.125924788418,0.6685657097353476,-0.0543493590349053,1757.3090670616596,55733404.43056826,15858.0
UMAP,OnlineNewsPopularity,14,9,7662.962034355834,2221.741537927857,0.668793473810918,-0.0527985851127787,1746.0403054666986,55686374.87460906,15858.0
UMAP,OnlineNewsPopularity,14,25,7663.547870526005,2222.818760618162,0.6700542257854227,-0.0529595649178062,1744.822371435399,55699608.676581606,15858.0
UMAP,OnlineNewsPopularity,14,125,7668.978635567094,2226.5621707997493,0.6687876137151558,-0.0544524510462711,1757.9518168750164,55736895.94703328,15858.0
UMAP,OnlineNewsPopularity,16,9,7663.068380049624,2222.5453556553102,0.6702271517807853,-0.0528278065476082,1745.6047477820232,55689526.33960257,15858.0
UMAP,OnlineNewsPopularity,16,25,7663.174490753239,2222.4535922516816,0.6696739159028148,-0.0528569638165421,1743.9928930048225,55696779.17185888,15858.0
UMAP,OnlineNewsPopularity,16,125,7669.5085275723395,2226.920969870452,0.6688517857701188,-0.05459817194437,1759.1275806082049,55740889.441537775,15858.0
UMAP,OnlineNewsPopularity,18,9,7663.559537406044,2222.431312867675,0.6693095705348938,-0.0529627709426105,1746.8591556123224,55692673.94543352,15858.0
UMAP,OnlineNewsPopularity,18,25,7664.2477603314,2223.224284038522,0.6692669393737006,-0.0531519012428223,1747.817128718094,55699876.904552825,15858.0
UMAP,OnlineNewsPopularity,18,125,7670.054154743494,2227.3483979620155,0.669048770140923,-0.0547482305520317,1759.794757999446,55746912.89746162,15858.0
UMAP,OnlineNewsPopularity,20,9,7663.500150059045,2222.4940124280683,0.6691902781775076,-0.0529464515226709,1746.142738477104,55694266.56009993,15858.0
UMAP,OnlineNewsPopularity,20,25,7664.310212546037,2223.6287520445094,0.6699399894890177,-0.0531690645545026,1747.1410566368234,55703197.88817445,15858.0
UMAP,OnlineNewsPopularity,20,125,7669.710066638838,2227.3096052870305,0.669481748643879,-0.0546535980575129,1758.6746769366137,55745575.30069803,15858.0
UMAP,OnlineNewsPopularity,22,9,7664.073835036893,2223.344486849327,0.6700517351988083,-0.0531041032900496,1747.3675762688315,55698781.91438581,15858.0
UMAP,OnlineNewsPopularity,22,25,7663.253476491517,2222.703736017897,0.6698673790564538,-0.0528786679062154,1744.202379564898,55697259.13210774,15858.0
UMAP,OnlineNewsPopularity,22,125,7670.050161860458,2227.392399158572,0.6690585477806926,-0.0547471323889321,1759.797275904043,55746842.76653485,15858.0
PCA,Admission,2,,0.075961916653569,0.0580361933636104,0.0906685850611177,0.747501729483897,0.0085376744858226,0.0057694388820839,320.0
PCA,BankHappiness,2,,0.310169259822441,0.1740262916081989,411176972265923.3,-0.0006307364940356,-0.008572965113916,0.096171034285326,7695.0
PCA,BankHappiness,4,,0.3013912767581583,0.1710929719374838,407960865725742.3,0.0552047781371777,-0.0100780465724085,0.0907724742447951,7695.0
PCA,BankHappiness,6,,0.3035329010090392,0.1692628563164917,397386402656694.6,0.0417300332825716,-0.0071523900553656,0.092118958753974,7695.0
PCA,BankHappiness,8,,0.3021352274235624,0.1665760676014265,388086541965084.4,0.0505347788381693,-0.0053157360540524,0.0912949931019731,7695.0
PCA,Credit,2,,9104.687953796794,6109.652321221694,1.2049189355627443,0.0001293486536888,-302.8671069303735,92004015.83505788,40.0
PCA,Credit,4,,9104.687954324689,6109.652321648383,1.2049189357143493,0.0001293485377429,-302.8671069491502,92004015.84572592,40.0
PCA,Credit,6,,9104.687954624982,6109.652321900868,1.2049189357780912,0.0001293484717868,-302.86710694873693,92004015.85180192,40.0
PCA,Credit,8,,9104.687954729829,6109.652322070478,1.2049189358232573,0.000129348448759,-302.86710705658425,92004015.85385063,40.0
PCA,Credit,10,,9104.687954814795,6109.652322198437,1.204918935859678,0.0001293484300963,-302.8671071463019,92004015.85550945,40.0
PCA,Facebook,2,,255.3285960148372,131.81201038637573,1.5697983989552342,-0.0517471181577837,70.34392280206913,60852.95400780247,400.0
PCA,Facebook,4,,255.4794329733617,131.82218083263925,1.5676025943817182,-0.052990137532745,70.6978120008073,60880.36368756455,400.0
PCA,Facebook,6,,255.62642954153907,131.8981951830849,1.5671117628627869,-0.0542022152702457,70.77959997441778,60944.565361229135,400.0
PCA,Facebook,8,,255.5721177233639,131.95042242284197,1.5718492174596037,-0.0537542994838229,70.4804892918398,60959.19998665437,400.0
PCA,ForestFires,2,,11.359339172599284,4.978928482041842,3064501908147591.5,-0.1389644978343278,3.476744850273174,118.0822378171043,413.0
PCA,ForestFires,4,,11.386857626686496,4.970502637521231,2919626116037859.5,-0.1444895562986858,3.5284546225915694,118.34850094195168,413.0
PCA,HousePrice,2,,92606.19529411792,59920.46717195111,0.3147004446366651,-0.0640156805247191,23174.2417179166,8066486882.729724,1168.0
PCA,HousePrice,11,,92640.6316641852,60002.90389719785,0.3153896228449508,-0.0648071534971899,23100.606884541667,8076307182.948072,1168.0
PCA,HousePrice,20,,92649.97535573869,60020.989856060834,0.3155410063244652,-0.0650219562498235,23083.75056993352,8078825604.016741,1168.0
PCA,HousePrice,29,,92653.46535581224,60028.21162997513,0.3156051123728812,-0.0651021936529572,23074.64175140181,8079896428.665529,1168.0
PCA,HousePrice,38,,92655.34768476828,60032.492750252495,0.3156432703622424,-0.0651454708915975,23069.61190697482,8080479335.483447,1168.0
PCA,HousePrice,47,,92656.26941215464,60035.12953387773,0.3156676971886962,-0.0651666629470768,23065.9620926384,8080819694.167271,1168.0
PCA,HousePrice,56,,92657.18334837868,60036.96473704212,0.3156829014388964,-0.0651876760788428,23064.30023539222,8081066566.207462,1168.0
PCA,HousePrice,65,,92657.88734544706,60038.269969655536,0.3156935458774487,-0.0652038624515103,23063.229104835395,8081247054.18967,1168.0
PCA,HousePrice,74,,92658.430377631,60039.28966133996,0.315702234038879,-0.0652163479870937,23062.22208107885,8081394641.776468,1168.0
PCA,HousePrice,83,,92658.79551397242,60039.99127419566,0.3157083593335893,-0.0652247433368724,23061.454574807995,8081498062.221005,1168.0
PCA,HousePrice,92,,92659.07951054884,60040.45445024959,0.3157120983855376,-0.0652312731140438,23061.112448462507,8081566706.692168,1168.0
PCA,OnlineNewsPopularity,2,,7662.516668166137,2228.545200764684,0.6863504966597636,-0.0526762127803186,1735.4122366923473,55716558.15403537,15858.0
PCA,OnlineNewsPopularity,4,,7654.497065134868,2219.540144417559,0.6806739369270711,-0.0504739004114669,1724.532579901478,55631343.3046244,15858.0
PCA,OnlineNewsPopularity,6,,7653.086701419132,2214.735338686304,0.6694508585756335,-0.050086830230146,1728.4547060588015,55596202.12930555,15858.0
PCA,OnlineNewsPopularity,8,,7654.299787134172,2214.932413101324,0.6671264523728245,-0.0504197537526927,1729.8968226411414,55609787.38139542,15858.0
PCA,OnlineNewsPopularity,10,,7655.062573525011,2214.919684287161,0.6666689924272333,-0.050629122562132,1731.9167858098092,55614473.600567065,15858.0
PCA,OnlineNewsPopularity,12,,7656.342542762574,2213.9931410119284,0.6631965384143373,-0.0509804940553957,1734.4249755625565,55625380.235942096,15858.0
PCA,OnlineNewsPopularity,14,,7656.4041822937725,2211.641557507937,0.658619391800265,-0.0509974165494881,1735.6313523009103,55622137.09329422,15858.0
PCA,OnlineNewsPopularity,16,,7657.200354591685,2212.707812257893,0.66008879958055,-0.0512160096424048,1737.5579270880978,55627639.389827535,15858.0
PCA,OnlineNewsPopularity,18,,7657.89423593331,2213.158712260993,0.6601843321175366,-0.0514065367778162,1739.0725635970678,55633001.769168295,15858.0
PCA,OnlineNewsPopularity,20,,7658.235312922041,2213.275489010832,0.6606930331801296,-0.0515001966144694,1739.7774266159618,55635774.33506748,15858.0
PCA,OnlineNewsPopularity,22,,7658.2797186726975,2213.687823561297,0.6614870605791062,-0.0515123907529389,1739.2107370431936,55638426.65166334,15858.0
PCA,PremiumPrice,2,,5874.323069270407,4495.492534436815,0.2013281567058739,-0.017924341340147,1179.2080898503114,33285247.11163872,788.0
PCA,PremiumPrice,4,,5896.407115761341,4514.209928574706,0.2019075896202521,-0.0255923377652032,1211.219990714603,33469601.399802376,788.0
PCA,WineQuality,2,,0.7991392187689207,0.5995921357035995,0.1074078672797231,0.1062450079971458,-0.002543571015169,0.6392693368709599,3918.0
PCA,WineQuality,4,,0.7230702089316258,0.5392048481643397,0.0947312206701388,0.268297517831171,0.0542215899341908,0.5204215886668486,3918.0
PCA,NYCPropertySales,2,,1.2802279871506643,0.2244574074020713,1.1608493524247232,0.0445336196617115,0.0392133868573571,1.6379303175706317,13528.0
PCA,NYCPropertySales,4,,1.2856963632544534,0.2275497454979385,1.118163966468067,0.0363538137101636,0.0365754612520527,1.6521658915331536,13528.0
PCA,NYCPropertySales,6,,1.2853179473305207,0.2329232030091422,1.2120442231214723,0.0369209855677443,0.0269465665181344,1.6518045188442831,13528.0
PCA,NYCPropertySales,8,,1.287517003828783,0.2325796196552218,1.1996849218496664,0.0336226936514962,0.0272019832417162,1.657450167139802,13528.0
SVD,Admission,2,,0.0753929762056226,0.0581550709638543,0.090869769442241,0.7512698939919271,0.0086904092451761,0.0056795723020687,320.0
SVD,BankHappiness,2,,0.3101769193216678,0.1740377739522199,411223931115561.6,-0.0006801574133787,-0.0085823366883263,0.0961756269434234,7695.0
SVD,BankHappiness,4,,0.3069161242858915,0.1723877353229385,406456877874111.7,0.020248939237613,-0.008115378410299,0.0941703852836259,7695.0
SVD,BankHappiness,6,,0.3049487944699035,0.1700982950300873,397814793310059.75,0.0327690756100348,-0.0065636390490099,0.0929889372021481,7695.0
SVD,BankHappiness,8,,0.3020929256098223,0.1668640500095659,388856818722908.0,0.0508006286008875,-0.0056872219222925,0.0912653335112178,7695.0
SVD,Credit,2,,9105.027877605433,6110.640922113173,1.2052133485162493,5.4686856077346135e-05,-303.63005029346294,92010379.38281204,40.0
SVD,Credit,4,,9105.134924924483,6110.986598222704,1.205319320106664,3.117411220632249e-05,-303.9047880191938,92012359.86766513,40.0
SVD,Credit,6,,9105.16463920065,6111.086490783458,1.2053502531807134,2.464737787932769e-05,-303.9852039738045,92012906.78079437,40.0
SVD,Credit,8,,9105.178635229717,6111.133993721437,1.2053650052019576,2.157314574624536e-05,-304.02356862415616,92013164.0546274,40.0
SVD,Credit,10,,9105.186786800148,6111.16176330596,1.2053736404656266,1.9782648589594665e-05,-304.0460262967452,92013313.81823687,40.0
SVD,Facebook,2,,259.6452338867164,133.7769408456981,1.5822742093921534,-0.0876098354401011,73.9672794491677,62570.19096058226,400.0
SVD,Facebook,4,,259.67091076219765,133.80231625836635,1.5826712610138978,-0.0878249582270718,73.97344684032304,62582.73844306173,400.0
SVD,Facebook,6,,259.6760084134788,133.80761385935034,1.5827492271832777,-0.08786766926241,73.97375201529648,62585.36702862276,400.0
SVD,Facebook,8,,259.6774335682569,133.809995129691,1.5828191416022404,-0.087879610173476,73.97164119762051,62586.43010416868,400.0
SVD,ForestFires,2,,11.337853918690366,4.911016946012477,2784892725645776.0,-0.1346600574662355,3.5695549551653656,116.92953132015684,413.0
SVD,ForestFires,4,,11.385995555544596,4.866570470453947,2399747306234616.5,-0.144316269848058,3.7063740447505897,117.02896473838024,413.0
SVD,HousePrice,2,,92555.66638057712,59877.61175501343,0.3144482431247254,-0.0628548750603481,23169.771642549727,8057306576.858966,1168.0
SVD,HousePrice,11,,92622.680486641,59993.18889150257,0.3153534743893671,-0.064394533462414,23087.99051988053,8073554794.539566,1168.0
SVD,HousePrice,20,,92636.17809524896,60012.73150104779,0.3155044167806397,-0.0647047777255747,23075.481487003723,8076643383.853571,1168.0
SVD,HousePrice,29,,92641.2824077324,60020.445992975256,0.3155672602594117,-0.0648221127824482,23068.616051149827,8077910235.783806,1168.0
SVD,HousePrice,38,,92643.98682796783,60024.63750397427,0.3156010811671502,-0.064884283089835,23065.405197840508,8078561685.582516,1168.0
SVD,HousePrice,47,,92645.43335084816,60027.34023236485,0.3156242439792688,-0.0649175370884747,23062.566692345707,8078962016.466139,1168.0
SVD,HousePrice,56,,92646.6366855777,60029.24234955697,0.3156394397122523,-0.0649452008498119,23061.12187823893,8079252620.223368,1168.0
SVD,HousePrice,65,,92647.47496027272,60030.57176481629,0.3156501257971643,-0.0649644723675717,23060.10372069325,8079455601.403186,1168.0
SVD,HousePrice,74,,92648.15033334192,60031.61504087569,0.3156585018028537,-0.0649799989849173,23059.306708236523,8079618059.185226,1168.0
SVD,HousePrice,83,,92648.61763016178,60032.34159531822,0.3156644886806707,-0.0649907420600892,23058.6741363548,8079734218.519491,1168.0
SVD,HousePrice,92,,92649.02046469475,60032.87021545229,0.3156685411071145,-0.0650000032016331,23058.387420349187,8079822387.254393,1168.0
SVD,OnlineNewsPopularity,2,,7662.517835565884,2228.544681342068,0.6863422839615053,-0.0526765335349979,1735.4234937562485,55716536.96771383,15858.0
SVD,OnlineNewsPopularity,4,,7650.678750941252,2219.22473595408,0.6839196912490345,-0.0494261401338584,1718.0345671291057,55595264.08043521,15858.0
SVD,OnlineNewsPopularity,6,,7652.778023761251,2214.212276388828,0.6691275928164665,-0.0500021240667076,1727.674302709638,55594174.21402989,15858.0
SVD,OnlineNewsPopularity,8,,7652.560852026225,2214.323050603858,0.6687737236555499,-0.0499425306623753,1726.3198930101814,55595528.79190539,15858.0
SVD,OnlineNewsPopularity,10,,7654.679993136076,2215.105160101948,0.6674791871893637,-0.0505241096898638,1730.3430068954165,55614065.12173819,15858.0
SVD,OnlineNewsPopularity,12,,7655.291371133058,2213.7499331075446,0.6649246130149578,-0.0506919267574437,1732.4249523869653,55616216.54982844,15858.0
SVD,OnlineNewsPopularity,14,,7655.373356944339,2211.4024166936674,0.6588151066259164,-0.0507144320513954,1734.713475988052,55609535.49396806,15858.0
SVD,OnlineNewsPopularity,16,,7656.257609408591,2212.205926961577,0.6598474770895524,-0.0509571767070078,1735.2422955514407,55621242.81355142,15858.0
SVD,OnlineNewsPopularity,18,,7656.844134770102,2212.7975282405005,0.6607160460027195,-0.0511182048960587,1737.007112709815,55624097.17064221,15858.0
SVD,OnlineNewsPopularity,20,,7657.597693230303,2213.2229681609333,0.6606944792536733,-0.0513251094585081,1738.7072350191609,55629729.77892364,15858.0
SVD,OnlineNewsPopularity,22,,7658.027602353299,2213.2700451811843,0.6607616611006134,-0.0514431587374484,1739.5189913654867,55633491.58250186,15858.0
SVD,PremiumPrice,2,,5959.669704772336,4565.328486177151,0.203561601850509,-0.0477175685933453,1294.5185167706125,34013671.016976655,788.0
SVD,PremiumPrice,4,,5960.269245271848,4564.935382545098,0.203491442837792,-0.0479283791722269,1301.283956713463,34003202.88805306,788.0
SVD,WineQuality,2,,0.799139218768923,0.5995921357036013,0.1074078672797224,0.1062450079971406,-0.0025435710151199,0.6392693368709639,3918.0
SVD,WineQuality,4,,0.7230702089316143,0.5392048481643313,0.0947312206701371,0.2682975178311944,0.0542215899341981,0.5204215886668312,3918.0
SVD,NYCPropertySales,2,,1.2802119138156427,0.2243288015085719,1.1609893937644784,0.0445576113803427,0.0394215412759082,1.6378727775409476,13528.0
SVD,NYCPropertySales,4,,1.2856933151307144,0.2275067461659274,1.1176379031327257,0.0363583829217107,0.0366335729601613,1.6521537957406849,13528.0
SVD,NYCPropertySales,6,,1.2853080250201432,0.2328849204956075,1.2126973436494175,0.0369358549345566,0.0269536060155911,1.6517786252090845,13528.0
SVD,NYCPropertySales,8,,1.2875277579961804,0.2327353985577989,1.200786510364278,0.0336065499785304,0.0270194088969384,1.657487770155942,13528.0
